,filename,filters_per_layer,number_of_layers,total_filters,kernel_size,input_size,cpu_utilization_avg,memory_utilization_avg,cpu_power_avg,tpu_power_avg,inference_time,usb_type,tpu_mode,block_type,total_power_avg,total_energy_joules,joules_per_input,inference_time_per_input,processed_inputs,round
0,cnn_fullconv_16_1_repeat10_shape96x96.csv,16,10,160,1,9216,43.190726803125,2031.5859,1.2497681700781251,0.1147318299218747,49,usb2,max,fullconv,5.0145,245.7105,0.02457105,0.0048777018,10000,output-round6
1,cnn_fullconv_16_1_repeat1_shape96x96.csv,16,1,16,1,9216,44.73529454687501,2031.60235,1.288382363671875,-0.0733823636718749,47,usb2,max,fullconv,4.865,228.655,0.0228655,0.0046212571,10000,output-round6
2,cnn_fullconv_16_1_repeat2_shape96x96.csv,16,2,32,1,9216,42.61182731562499,2022.3007,1.2352956828906247,0.1553293171093757,46,usb2,max,fullconv,5.040625,231.86875,0.023186875,0.0045850243,10000,output-round6
3,cnn_fullconv_16_1_repeat3_shape96x96.csv,16,3,48,1,9216,44.683859,2031.60895,1.287096475,-0.0247214750000002,46,usb2,max,fullconv,4.912375,225.96925,0.022596925,0.0046321174,10000,output-round6
4,cnn_fullconv_16_1_repeat4_shape96x96.csv,16,4,64,1,9216,44.47673331874999,2027.18925,1.2819183329687498,-0.0811683329687489,47,usb2,max,fullconv,4.850750000000001,227.98525000000004,0.022798525,0.0046599406,10000,output-round6
5,cnn_fullconv_16_1_repeat5_shape96x96.csv,16,5,80,1,9216,41.58183738125,2017.5436,1.2095459345312498,0.2737040654687503,46,usb2,max,fullconv,5.13325,236.1295,0.02361295,0.0046148067,10000,output-round6
6,cnn_fullconv_16_1_repeat6_shape96x96.csv,16,6,96,1,9216,43.609637275,2031.804425,1.260240931875,0.0972590681250005,46,usb2,max,fullconv,5.0075,230.34500000000003,0.0230345,0.0046803574,10000,output-round6
7,cnn_fullconv_16_1_repeat7_shape96x96.csv,16,7,112,1,9216,43.13563499062499,2036.390175,1.2483908747656247,0.0046091252343756,47,usb2,max,fullconv,4.9030000000000005,230.44100000000003,0.0230441,0.0047276768,10000,output-round6
8,cnn_fullconv_16_1_repeat8_shape96x96.csv,16,8,128,1,9216,42.866208815625,2027.2895,1.241655220390625,0.2035947796093751,47,usb2,max,fullconv,5.09525,239.47675,0.023947675,0.004694396,10000,output-round6
9,cnn_fullconv_16_1_repeat9_shape96x96.csv,16,9,144,1,9216,42.20062958437501,2027.446225,1.2250157396093753,0.2416092603906245,48,usb2,max,fullconv,5.116625,245.598,0.0245598,0.004815239,10000,output-round6
10,cnn_fullconv_2_1_repeat10_shape96x96.csv,2,10,20,1,9216,41.97247191875,2022.8221,1.21931179796875,0.20693820203125,48,usb2,max,fullconv,5.07625,243.66,0.024366,0.0047542578,10000,output-round6
11,cnn_fullconv_2_1_repeat1_shape96x96.csv,2,1,2,1,9216,44.455794703124994,2031.9699,1.2813948675781248,0.1306051324218757,46,usb2,max,fullconv,5.062,232.852,0.0232852,0.0045671185,10000,output-round6
12,cnn_fullconv_2_1_repeat2_shape96x96.csv,2,2,4,1,9216,42.80043234375,2022.40285,1.24001080859375,-0.0202608085937501,45,usb2,max,fullconv,4.86975,219.13875,0.021913875,0.004520455,10000,output-round6
13,cnn_fullconv_2_1_repeat3_shape96x96.csv,2,3,6,1,9216,45.19609976875,2031.233325,1.29990249421875,0.1097225057812498,46,usb2,max,fullconv,5.059625,232.74275,0.0232742749999999,0.0045957901,10000,output-round6
14,cnn_fullconv_2_1_repeat4_shape96x96.csv,2,4,8,1,9216,43.023757078125,2021.564,1.245593926953125,-0.0543439269531247,46,usb2,max,fullconv,4.8412500000000005,222.6975,0.02226975,0.0045507453,10000,output-round6
15,cnn_fullconv_2_1_repeat5_shape96x96.csv,2,5,10,1,9216,44.542087553125,2031.21495,1.283552188828125,0.1830728111718751,47,usb2,max,fullconv,5.116625,240.481375,0.0240481374999999,0.0046295363,10000,output-round6
16,cnn_fullconv_2_1_repeat6_shape96x96.csv,2,6,12,1,9216,42.602887325,2024.623625,1.235072183125,0.0179278168750003,45,usb2,max,fullconv,4.9030000000000005,220.635,0.0220635,0.0045291648,10000,output-round6
17,cnn_fullconv_2_1_repeat7_shape96x96.csv,2,7,14,1,9216,42.046416340625,2017.064025,1.221160408515625,0.1718395914843751,47,usb2,max,fullconv,5.043,237.021,0.0237021,0.0047371045,10000,output-round6
18,cnn_fullconv_2_1_repeat8_shape96x96.csv,2,8,16,1,9216,44.55741050625,2031.175425,1.28393526265625,0.1446897373437496,47,usb2,max,fullconv,5.078625,238.695375,0.0238695375,0.0046874731,10000,output-round6
19,cnn_fullconv_2_1_repeat9_shape96x96.csv,2,9,18,1,9216,45.044645075,2031.107275,1.296116126875,0.151508873125,47,usb2,max,fullconv,5.097625,239.588375,0.0239588375,0.00471845,10000,output-round6
20,cnn_fullconv_32_1_repeat10_shape96x96.csv,32,10,320,1,9216,41.808372853125,2031.30155,1.215209321328125,0.0900406786718748,49,usb2,max,fullconv,4.95525,242.80725,0.024280725,0.0049302577,10000,output-round6
21,cnn_fullconv_32_1_repeat1_shape96x96.csv,32,1,32,1,9216,44.557036334375,2031.487325,1.283925908359375,-0.078425908359375,47,usb2,max,fullconv,4.8555,228.2085,0.02282085,0.0046680149,10000,output-round6
22,cnn_fullconv_32_1_repeat2_shape96x96.csv,32,2,64,1,9216,43.6493294375,2017.1549,1.2612332359375,0.1697667640624995,46,usb2,max,fullconv,5.081,233.726,0.0233725999999999,0.0045430013,10000,output-round6
23,cnn_fullconv_32_1_repeat3_shape96x96.csv,32,3,96,1,9216,44.83615990625,2031.309,1.29090399765625,0.0165960023437494,46,usb2,max,fullconv,4.9575,228.045,0.0228045,0.0046445152,10000,output-round6
24,cnn_fullconv_32_1_repeat4_shape96x96.csv,32,4,128,1,9216,43.590302178125,2031.47375,1.259757554453125,0.0454924455468748,48,usb2,max,fullconv,4.95525,237.852,0.0237851999999999,0.004761942,10000,output-round6
25,cnn_fullconv_32_1_repeat5_shape96x96.csv,32,5,160,1,9216,42.8261771375,2027.15005,1.2406544284375,0.2948455715625004,47,usb2,max,fullconv,5.1855,243.7185,0.02437185,0.0047122547,10000,output-round6
26,cnn_fullconv_32_1_repeat6_shape96x96.csv,32,6,192,1,9216,42.351082140625,2026.991325,1.228777053515625,0.2473479464843753,48,usb2,max,fullconv,5.126125,246.054,0.0246054,0.0047891804,10000,output-round6
27,cnn_fullconv_32_1_repeat7_shape96x96.csv,32,7,224,1,9216,41.08544260000001,2022.004025,1.1971360650000002,0.3147389349999989,47,usb2,max,fullconv,5.161874999999999,242.608125,0.0242608124999999,0.0047420319,10000,output-round6
28,cnn_fullconv_32_1_repeat8_shape96x96.csv,32,8,256,1,9216,43.314355940625,2035.610525,1.252858898515625,0.1615161014843749,49,usb2,max,fullconv,5.064375,248.154375,0.0248154375,0.0048656139,10000,output-round6
29,cnn_fullconv_32_1_repeat9_shape96x96.csv,32,9,288,1,9216,41.791702271875,2026.250475,1.214792556796875,0.1924574432031249,49,usb2,max,fullconv,5.05725,247.80525,0.024780525,0.0049157839,10000,output-round6
30,cnn_fullconv_4_1_repeat10_shape96x96.csv,4,10,40,1,9216,41.847791328125,2021.603325,1.216194783203125,0.2694302167968749,46,usb2,max,fullconv,5.135625,236.23875,0.023623875,0.0046684836,10000,output-round6
31,cnn_fullconv_4_1_repeat1_shape96x96.csv,4,1,4,1,9216,45.06605749375,2030.939625,1.29665143734375,0.1272235626562499,46,usb2,max,fullconv,5.073875,233.39825,0.023339825,0.0045903249,10000,output-round6
32,cnn_fullconv_4_1_repeat2_shape96x96.csv,4,2,8,1,9216,43.45619275,2022.78675,1.25640481875,-0.0366548187500002,46,usb2,max,fullconv,4.86975,224.0085,0.02240085,0.0045478761,10000,output-round6
33,cnn_fullconv_4_1_repeat3_shape96x96.csv,4,3,12,1,9216,44.893912203125,2030.615325,1.292347805078125,0.1315271949218752,46,usb2,max,fullconv,5.073875,233.39825,0.023339825,0.004580831,10000,output-round6
34,cnn_fullconv_4_1_repeat4_shape96x96.csv,4,4,16,1,9216,45.327013884375,2032.56155,1.303175347109375,0.0803246528906251,47,usb2,max,fullconv,5.0335,236.5745,0.02365745,0.004699096,10000,output-round6
35,cnn_fullconv_4_1_repeat5_shape96x96.csv,4,5,20,1,9216,45.04424448125,2027.291975,1.2961061120312498,0.2370188879687504,48,usb2,max,fullconv,5.183125,248.79,0.024879,0.004751665,10000,output-round6
36,cnn_fullconv_4_1_repeat6_shape96x96.csv,4,6,24,1,9216,41.520725340625,2018.52345,1.208018133515625,0.2514818664843754,46,usb2,max,fullconv,5.109500000000001,235.03700000000003,0.0235037,0.0045949995,10000,output-round6
37,cnn_fullconv_4_1_repeat7_shape96x96.csv,4,7,28,1,9216,45.358808815625,2032.573975,1.303970220390625,0.1864047796093757,47,usb2,max,fullconv,5.140375000000001,241.597625,0.0241597625,0.0047154659,10000,output-round6
38,cnn_fullconv_4_1_repeat8_shape96x96.csv,4,8,32,1,9216,45.428725271875,2031.926675,1.305718131796875,-0.0835931317968743,47,usb2,max,fullconv,4.8721250000000005,228.989875,0.0228989875,0.0047499384999999,10000,output-round6
39,cnn_fullconv_4_1_repeat9_shape96x96.csv,4,9,36,1,9216,44.932707425,2032.354475,1.293317685625,-0.0616926856250001,48,usb2,max,fullconv,4.881625,234.318,0.0234318,0.0047715113,10000,output-round6
40,cnn_fullconv_64_1_repeat10_shape96x96.csv,64,10,640,1,9216,41.45956865555556,2028.3592888888888,1.206489216388889,0.305510783611111,52,usb2,max,fullconv,5.162,268.424,0.0268424,0.0051936497,10000,output-round6
41,cnn_fullconv_64_1_repeat1_shape96x96.csv,64,1,64,1,9216,42.67018946562499,2017.568525,1.2367547366406249,0.1492452633593748,47,usb2,max,fullconv,5.036,236.692,0.0236691999999999,0.004627432,10000,output-round6
42,cnn_fullconv_64_1_repeat2_shape96x96.csv,64,2,128,1,9216,45.1554292,2031.677725,1.29888573,0.0301142699999998,46,usb2,max,fullconv,4.979,229.034,0.0229034,0.004686702,10000,output-round6
43,cnn_fullconv_64_1_repeat3_shape96x96.csv,64,3,192,1,9216,44.3698392875,2036.649825,1.2792459821875,0.1826290178125007,48,usb2,max,fullconv,5.111875,245.37,0.024537,0.0047661278,10000,output-round6
44,cnn_fullconv_64_1_repeat4_shape96x96.csv,64,4,256,1,9216,42.4567166375,2033.234475,1.2314179159375,0.2779570840625007,48,usb2,max,fullconv,5.159375000000001,247.65000000000003,0.024765,0.0047945270999999,10000,output-round6
45,cnn_fullconv_64_1_repeat5_shape96x96.csv,64,5,320,1,9216,42.179176265625,2031.174475,1.224479406640625,0.0855205933593752,48,usb2,max,fullconv,4.96,238.08,0.023808,0.0048738898,10000,output-round6
46,cnn_fullconv_64_1_repeat6_shape96x96.csv,64,6,384,1,9216,39.43272921666667,2018.9011333333333,1.1558182304166669,0.1979595473611115,50,usb2,max,fullconv,5.0037777777777785,250.18888888888893,0.0250188888888888,0.0049647495,10000,output-round6
47,cnn_fullconv_64_1_repeat7_shape96x96.csv,64,7,448,1,9216,41.15092549722223,2031.1327111111111,1.1987731374305557,0.1317824181249993,50,usb2,max,fullconv,4.980555555555555,249.02777777777777,0.0249027777777777,0.0050284043,10000,output-round6
48,cnn_fullconv_64_1_repeat8_shape96x96.csv,64,8,512,1,9216,38.8072249,2022.2040666666664,1.1401806225,0.3908193775000002,51,usb2,max,fullconv,5.181,264.231,0.0264230999999999,0.0051286392,10000,output-round6
49,cnn_fullconv_64_1_repeat9_shape96x96.csv,64,9,576,1,9216,40.49785293333333,2031.0880666666667,1.182446323333333,0.2979981211111115,51,usb2,max,fullconv,5.130444444444445,261.6526666666667,0.0261652666666666,0.0050832434,10000,output-round6
50,cnn_fullconv_8_1_repeat10_shape96x96.csv,8,10,80,1,9216,42.39403339375,2025.37215,1.22985083484375,0.0373991651562493,47,usb2,max,fullconv,4.917249999999999,231.11075,0.023111075,0.0047023078,10000,output-round6
51,cnn_fullconv_8_1_repeat1_shape96x96.csv,8,1,8,1,9216,41.13540035625,2011.4629,1.19838500890625,0.2919899910937507,45,usb2,max,fullconv,5.140375000000001,231.31687500000004,0.0231316875,0.0045286291,10000,output-round6
52,cnn_fullconv_8_1_repeat2_shape96x96.csv,8,2,16,1,9216,43.72471614375,2025.694975,1.26311790359375,0.0825070964062502,46,usb2,max,fullconv,4.995625,229.79875,0.022979875,0.0045909252,10000,output-round6
53,cnn_fullconv_8_1_repeat3_shape96x96.csv,8,3,24,1,9216,42.21308871875,2016.2354,1.22532721796875,0.1581727820312504,46,usb2,max,fullconv,5.0335,231.541,0.0231541,0.0046267355,10000,output-round6
54,cnn_fullconv_8_1_repeat4_shape96x96.csv,8,4,32,1,9216,44.44362666875,2030.29255,1.28109066671875,0.1760343332812497,46,usb2,max,fullconv,5.107125,234.92775,0.023492775,0.0046618432,10000,output-round6
55,cnn_fullconv_8_1_repeat5_shape96x96.csv,8,5,40,1,9216,43.93608816875,2026.2711,1.2684022042187502,0.1055977957812497,47,usb2,max,fullconv,5.024,236.128,0.0236128,0.0046583863,10000,output-round6
56,cnn_fullconv_8_1_repeat6_shape96x96.csv,8,6,48,1,9216,43.018576465625,2021.513625,1.245464411640625,0.1571605883593752,47,usb2,max,fullconv,5.052625,237.473375,0.0237473375,0.0047293242,10000,output-round6
57,cnn_fullconv_8_1_repeat7_shape96x96.csv,8,7,56,1,9216,41.130580871875,2016.607675,1.1982645217968748,0.1354854782031256,47,usb2,max,fullconv,4.983750000000001,234.23625000000004,0.023423625,0.0046940719,10000,output-round6
58,cnn_fullconv_8_1_repeat8_shape96x96.csv,8,8,64,1,9216,44.08344200625,2030.613,1.27208605015625,0.0379139498437499,46,usb2,max,fullconv,4.96,228.16,0.022816,0.0046823231,10000,output-round6
59,cnn_fullconv_8_1_repeat9_shape96x96.csv,8,9,72,1,9216,43.329297618750005,2031.433525,1.25323244046875,-0.0572324404687498,48,usb2,max,fullconv,4.846,232.608,0.0232608,0.0047367478,10000,output-round6
0,cnn_fullconv_16_1_repeat10_shape96x96.csv,16,10,160,1,9216,33.475363433333335,1991.0126666666667,1.0068840858333334,-0.4288840858333334,20,usb3,max,fullconv,5.228000000000001,104.56000000000002,0.010456,0.0020184399,10000,output-round6
1,cnn_fullconv_16_1_repeat1_shape96x96.csv,16,1,16,1,9216,42.33238575,2026.148,1.22830964375,-0.4668096437500004,19,usb3,max,fullconv,5.4115,102.8185,0.01028185,0.0018864439,10000,output-round6
2,cnn_fullconv_16_1_repeat2_shape96x96.csv,16,2,32,1,9216,41.3628735375,2026.164,1.2040718384375,-0.3570718384375002,19,usb3,max,fullconv,5.497,104.443,0.0104443,0.0019331577,10000,output-round6
3,cnn_fullconv_16_1_repeat3_shape96x96.csv,16,3,48,1,9216,40.443058175,2027.883,1.181076454375,-0.2680764543750005,19,usb3,max,fullconv,5.563,105.697,0.0105697,0.0019263372,10000,output-round6
4,cnn_fullconv_16_1_repeat4_shape96x96.csv,16,4,64,1,9216,42.209181925,2026.758,1.225229548125,-0.3402295481250004,19,usb3,max,fullconv,5.535,105.165,0.0105165,0.0019221008,10000,output-round6
5,cnn_fullconv_16_1_repeat5_shape96x96.csv,16,5,80,1,9216,35.35354641666666,1989.3914666666667,1.0538386604166663,-0.4825053270833344,20,usb3,max,fullconv,5.221333333333333,104.42666666666666,0.0104426666666666,0.0019450973,10000,output-round6
6,cnn_fullconv_16_1_repeat6_shape96x96.csv,16,6,96,1,9216,40.44465798750001,2026.2215,1.1811164496875002,-0.4866164496875003,19,usb3,max,fullconv,5.3445,101.5455,0.01015455,0.0019721539,10000,output-round6
7,cnn_fullconv_16_1_repeat7_shape96x96.csv,16,7,112,1,9216,30.439455483333337,1976.4984,0.9309863870833336,-0.0303197204166663,20,usb3,max,fullconv,5.550666666666667,111.01333333333336,0.0111013333333333,0.0019741914,10000,output-round6
8,cnn_fullconv_16_1_repeat8_shape96x96.csv,16,8,128,1,9216,40.053874212500006,2026.68,1.1713468553125002,-0.6568468553125002,19,usb3,max,fullconv,5.1645,98.1255,0.00981255,0.0019729014,10000,output-round6
9,cnn_fullconv_16_1_repeat9_shape96x96.csv,16,9,144,1,9216,38.16738608333333,2002.5362666666667,1.1241846520833334,-0.5211846520833339,20,usb3,max,fullconv,5.253,105.06,0.010506,0.0019881144,10000,output-round6
10,cnn_fullconv_2_1_repeat10_shape96x96.csv,2,10,20,1,9216,41.6647449125,2028.1752,1.2116186228125,-0.2891186228125004,19,usb3,max,fullconv,5.5725,105.8775,0.01058775,0.0019290018,10000,output-round6
11,cnn_fullconv_2_1_repeat1_shape96x96.csv,2,1,2,1,9216,42.9647704125,2027.7917,1.2441192603125,-0.3786192603125,19,usb3,max,fullconv,5.5155,104.7945,0.01047945,0.0018906566,10000,output-round6
12,cnn_fullconv_2_1_repeat2_shape96x96.csv,2,2,4,1,9216,41.83737641249999,2028.1555,1.2159344103124998,-0.6159344103124997,19,usb3,max,fullconv,5.25,99.75,0.009975,0.0018925345,10000,output-round6
13,cnn_fullconv_2_1_repeat3_shape96x96.csv,2,3,6,1,9216,42.131424675000005,2026.949,1.223285616875,-0.9937856168750004,19,usb3,max,fullconv,4.8795,92.7105,0.00927105,0.0019065868,10000,output-round6
14,cnn_fullconv_2_1_repeat4_shape96x96.csv,2,4,8,1,9216,35.61397833125,2017.21075,1.0603494582812498,-0.0760994582812504,25,usb3,max,fullconv,5.63425,140.85625,0.014085625,0.0025016748,10000,output-round6
15,cnn_fullconv_2_1_repeat5_shape96x96.csv,2,5,10,1,9216,41.4487684375,2027.8951,1.2062192109375,-0.3497192109374998,19,usb3,max,fullconv,5.506500000000001,104.62350000000002,0.01046235,0.0019083038,10000,output-round6
16,cnn_fullconv_2_1_repeat6_shape96x96.csv,2,6,12,1,9216,42.40006124999999,2026.816,1.23000153125,-0.3075015312500007,19,usb3,max,fullconv,5.5725,105.8775,0.01058775,0.0019027036,10000,output-round6
17,cnn_fullconv_2_1_repeat7_shape96x96.csv,2,7,14,1,9216,41.9668029125,2026.6152,1.2191700728125,-0.6191700728125005,19,usb3,max,fullconv,5.25,99.75,0.009975,0.0019279278,10000,output-round6
18,cnn_fullconv_2_1_repeat8_shape96x96.csv,2,8,16,1,9216,42.47545033750001,2026.816,1.2318862584375,-0.3568862584375001,19,usb3,max,fullconv,5.525,104.975,0.0104975,0.0018899474,10000,output-round6
19,cnn_fullconv_2_1_repeat9_shape96x96.csv,2,9,18,1,9216,40.670986325,2026.977,1.186774658125,-0.3212746581250005,19,usb3,max,fullconv,5.5155,104.7945,0.01047945,0.0019337385,10000,output-round6
20,cnn_fullconv_32_1_repeat10_shape96x96.csv,32,10,320,1,9216,34.68776535,1990.0872,1.03719413375,-0.0668608004166664,21,usb3,max,fullconv,5.620333333333334,118.02700000000002,0.0118027,0.0021321707,10000,output-round6
21,cnn_fullconv_32_1_repeat1_shape96x96.csv,32,1,32,1,9216,42.27753245000001,2027.192,1.2269383112500003,-0.9689383112500004,19,usb3,max,fullconv,4.908,93.252,0.0093252,0.0019053291,10000,output-round6
22,cnn_fullconv_32_1_repeat2_shape96x96.csv,32,2,64,1,9216,39.31322771666667,2015.4443333333336,1.1528306929166667,-0.4928306929166677,20,usb3,max,fullconv,5.31,106.2,0.01062,0.0019450059,10000,output-round6
23,cnn_fullconv_32_1_repeat3_shape96x96.csv,32,3,96,1,9216,41.1203107875,2026.91,1.1980077696875,-0.3040077696874999,19,usb3,max,fullconv,5.5440000000000005,105.336,0.0105336,0.0019678835,10000,output-round6
24,cnn_fullconv_32_1_repeat4_shape96x96.csv,32,4,128,1,9216,35.009327283333334,1989.8983333333333,1.0452331820833334,-0.4608998487499995,20,usb3,max,fullconv,5.234333333333334,104.68666666666668,0.0104686666666666,0.0019705925,10000,output-round6
25,cnn_fullconv_32_1_repeat5_shape96x96.csv,32,5,160,1,9216,38.56517767500001,2015.470733333333,1.1341294418750003,-0.4491294418750007,20,usb3,max,fullconv,5.335,106.7,0.01067,0.0020198663,10000,output-round6
26,cnn_fullconv_32_1_repeat6_shape96x96.csv,32,6,192,1,9216,31.04385989166667,1976.963,0.9460964972916668,-0.1657631639583341,20,usb3,max,fullconv,5.4303333333333335,108.60666666666668,0.0108606666666666,0.0020185028,10000,output-round6
27,cnn_fullconv_32_1_repeat7_shape96x96.csv,32,7,224,1,9216,35.32361886666666,2002.7416,1.0530904716666667,-0.6210904716666672,20,usb3,max,fullconv,5.082,101.64,0.010164,0.0020108245,10000,output-round6
28,cnn_fullconv_32_1_repeat8_shape96x96.csv,32,8,256,1,9216,30.63659386666667,1976.3098666666667,0.9359148466666668,-0.3139148466666679,21,usb3,max,fullconv,5.271999999999999,110.712,0.0110711999999999,0.0021412346,10000,output-round6
29,cnn_fullconv_32_1_repeat9_shape96x96.csv,32,9,288,1,9216,37.20961294166667,2027.7259333333327,1.100240323541667,-0.0602403235416666,21,usb3,max,fullconv,5.69,119.49,0.011949,0.0021590006,10000,output-round6
30,cnn_fullconv_4_1_repeat10_shape96x96.csv,4,10,40,1,9216,42.5611279875,2026.9843,1.2340281996875,-0.1500281996875001,19,usb3,max,fullconv,5.734,108.946,0.0108945999999999,0.0019107782,10000,output-round6
31,cnn_fullconv_4_1_repeat1_shape96x96.csv,4,1,4,1,9216,42.7130145875,2026.7493,1.2378253646875,-1.0558253646875002,19,usb3,max,fullconv,4.832,91.808,0.0091808,0.0018716211,10000,output-round6
32,cnn_fullconv_4_1_repeat2_shape96x96.csv,4,2,8,1,9216,42.4597906625,2028.4762,1.2314947665625,-0.4129947665625009,19,usb3,max,fullconv,5.4685,103.9015,0.0103901499999999,0.0019306335,10000,output-round6
33,cnn_fullconv_4_1_repeat3_shape96x96.csv,4,3,12,1,9216,42.8428162,2027.9805,1.241070405,-0.7740704050000007,19,usb3,max,fullconv,5.117,97.223,0.0097223,0.0018772328,10000,output-round6
34,cnn_fullconv_4_1_repeat4_shape96x96.csv,4,4,16,1,9216,39.430500525,2009.3527,1.155762513125,-0.2147625131250006,18,usb3,max,fullconv,5.590999999999999,100.638,0.0100638,0.0018852234,10000,output-round6
35,cnn_fullconv_4_1_repeat5_shape96x96.csv,4,5,20,1,9216,32.45097685,1966.178666666667,0.9812744212500002,-0.3279410879166669,20,usb3,max,fullconv,5.303333333333334,106.06666666666668,0.0106066666666666,0.0019313583,10000,output-round6
36,cnn_fullconv_4_1_repeat6_shape96x96.csv,4,6,24,1,9216,44.6691758125,2035.8419,1.2867293953125,-0.4022293953125011,19,usb3,max,fullconv,5.5345,105.1555,0.0105155499999999,0.0019793167,10000,output-round6
37,cnn_fullconv_4_1_repeat7_shape96x96.csv,4,7,28,1,9216,38.549710025,2003.6112666666668,1.1337427506250002,-0.5180760839583343,20,usb3,max,fullconv,5.265666666666666,105.31333333333332,0.0105313333333333,0.00193189,10000,output-round6
38,cnn_fullconv_4_1_repeat8_shape96x96.csv,4,8,32,1,9216,41.888731475,2028.0126,1.217218286875,-0.5417182868750006,19,usb3,max,fullconv,5.3255,101.1845,0.01011845,0.0019017106,10000,output-round6
39,cnn_fullconv_4_1_repeat9_shape96x96.csv,4,9,36,1,9216,32.57888716666667,1964.8912666666668,0.9844721791666668,-0.2044721791666672,20,usb3,max,fullconv,5.43,108.6,0.01086,0.0019607394,10000,output-round6
40,cnn_fullconv_64_1_repeat10_shape96x96.csv,64,10,640,1,9216,34.32735225833334,2027.6554,1.0281838064583335,-0.2801838064583339,24,usb3,max,fullconv,5.398,129.552,0.0129552,0.0023902252,10000,output-round6
41,cnn_fullconv_64_1_repeat1_shape96x96.csv,64,1,64,1,9216,40.86660885,2027.8868,1.19166522125,-0.2501652212500005,19,usb3,max,fullconv,5.5915,106.2385,0.01062385,0.001987954,10000,output-round6
42,cnn_fullconv_64_1_repeat2_shape96x96.csv,64,2,128,1,9216,41.22040525833334,2029.4416,1.2005101314583333,-0.3125101314583336,21,usb3,max,fullconv,5.538,116.298,0.0116298,0.0020357149,10000,output-round6
43,cnn_fullconv_64_1_repeat3_shape96x96.csv,64,3,192,1,9216,34.89466921666667,2003.0860666666667,1.0423667304166668,-0.3257000637500002,21,usb3,max,fullconv,5.366666666666667,112.70000000000002,0.01127,0.0020942334,10000,output-round6
44,cnn_fullconv_64_1_repeat4_shape96x96.csv,64,4,256,1,9216,38.37429791666667,2027.2000666666663,1.1293574479166668,-0.1910241145833335,21,usb3,max,fullconv,5.588333333333334,117.355,0.0117355,0.0021103821,10000,output-round6
45,cnn_fullconv_64_1_repeat5_shape96x96.csv,64,5,320,1,9216,36.625747358333335,2019.5794,1.0856436839583334,-0.3816436839583348,22,usb3,max,fullconv,5.353999999999999,117.78799999999998,0.0117787999999999,0.0021848684,10000,output-round6
46,cnn_fullconv_64_1_repeat6_shape96x96.csv,64,6,384,1,9216,34.66794476666667,2016.965,1.0366986191666667,0.2619680474999999,22,usb3,max,fullconv,5.948666666666667,130.87066666666666,0.0130870666666666,0.0022192057,10000,output-round6
47,cnn_fullconv_64_1_repeat7_shape96x96.csv,64,7,448,1,9216,33.48574876666667,2003.9442,1.0071437191666668,0.297856280833332,23,usb3,max,fullconv,5.954999999999999,136.96499999999995,0.0136964999999999,0.0022552375,10000,output-round6
48,cnn_fullconv_64_1_repeat8_shape96x96.csv,64,8,512,1,9216,31.707403475,2003.745133333333,0.962685086875,0.1719815797916659,22,usb3,max,fullconv,5.784666666666666,127.26266666666666,0.0127262666666666,0.0022891785,10000,output-round6
49,cnn_fullconv_64_1_repeat9_shape96x96.csv,64,9,576,1,9216,35.94966971666667,2028.7752,1.0687417429166668,0.3502582570833326,24,usb3,max,fullconv,6.069,145.656,0.0145656,0.0023164712,10000,output-round6
50,cnn_fullconv_8_1_repeat10_shape96x96.csv,8,10,80,1,9216,40.13798213333334,2014.1258,1.1734495533333331,-0.5704495533333347,20,usb3,max,fullconv,5.252999999999999,105.06,0.0105059999999999,0.0019656584,10000,output-round6
51,cnn_fullconv_8_1_repeat1_shape96x96.csv,8,1,8,1,9216,42.2718025375,2027.9031,1.2267950634374998,0.132704936562499,19,usb3,max,fullconv,6.009499999999999,114.18049999999998,0.0114180499999999,0.0018724946,10000,output-round6
52,cnn_fullconv_8_1_repeat2_shape96x96.csv,8,2,16,1,9216,43.44048975,2026.996,1.25601224375,-0.2955122437500002,19,usb3,max,fullconv,5.6105,106.5995,0.01065995,0.0019028252,10000,output-round6
53,cnn_fullconv_8_1_repeat3_shape96x96.csv,8,3,24,1,9216,37.514424075,1989.839066666667,1.107860601875,-0.9038606018750004,20,usb3,max,fullconv,4.854,97.08,0.009708,0.0019191428,10000,output-round6
54,cnn_fullconv_8_1_repeat4_shape96x96.csv,8,4,32,1,9216,42.38610436249999,2026.985,1.2296526090624995,-0.4206526090625004,19,usb3,max,fullconv,5.459,103.721,0.0103720999999999,0.0018900115,10000,output-round6
55,cnn_fullconv_8_1_repeat5_shape96x96.csv,8,5,40,1,9216,42.2125140375,2026.3076,1.2253128509375,-0.5303128509375004,19,usb3,max,fullconv,5.345,101.555,0.0101555,0.0019099974,10000,output-round6
56,cnn_fullconv_8_1_repeat6_shape96x96.csv,8,6,48,1,9216,30.197807791666666,1963.7375333333327,0.9249451947916668,-0.0052785281250002,20,usb3,max,fullconv,5.5696666666666665,111.39333333333332,0.0111393333333333,0.0019567943,10000,output-round6
57,cnn_fullconv_8_1_repeat7_shape96x96.csv,8,7,56,1,9216,42.82206000000001,2026.262,1.2405515000000005,-0.9730515000000004,19,usb3,max,fullconv,4.9175,93.4325,0.00934325,0.001913384,10000,output-round6
58,cnn_fullconv_8_1_repeat8_shape96x96.csv,8,8,64,1,9216,42.4775794125,2026.5519,1.2319394853125,-0.3754394853125005,19,usb3,max,fullconv,5.5065,104.6235,0.0104623499999999,0.0019249602,10000,output-round6
59,cnn_fullconv_8_1_repeat9_shape96x96.csv,8,9,72,1,9216,41.285169012500006,2027.425,1.2021292253125002,-0.2986292253125011,19,usb3,max,fullconv,5.5535,105.5165,0.01055165,0.0019533323,10000,output-round6
0,cnn_glu_16_1_repeat10_shape96x96.csv,16,10,160,1,9216,30.96978003409091,2032.2998,0.9442445008522729,0.414391862784091,63,usb2,max,glu,5.008636363636364,315.5440909090909,0.0336903791275988,0.0067382459961563,9366,output-round6
1,cnn_glu_16_1_repeat1_shape96x96.csv,16,1,16,1,9216,42.009012709375,2027.656075,1.220225317734375,0.343649682265625,47,usb2,max,glu,5.213875,245.052125,0.0245052124999999,0.0046840489,10000,output-round6
2,cnn_glu_16_1_repeat2_shape96x96.csv,16,2,32,1,9216,37.77678409444445,2015.4005777777772,1.114419602361111,0.2203581754166674,51,usb2,max,glu,4.984777777777778,254.2236666666667,0.0254223666666666,0.0050430504,10000,output-round6
3,cnn_glu_16_1_repeat3_shape96x96.csv,16,3,48,1,9216,38.850511597222216,2027.5446444444444,1.1412627899305554,0.1090705434027778,52,usb2,max,glu,4.900333333333333,254.81733333333327,0.0254817333333333,0.0051422646999999,10000,output-round6
4,cnn_glu_16_1_repeat4_shape96x96.csv,16,4,64,1,9216,38.01920791111111,2032.0588888888888,1.120480197777778,0.4336309133333329,53,usb2,max,glu,5.204111111111111,275.8178888888889,0.0275817888888888,0.005360562,10000,output-round6
5,cnn_glu_16_1_repeat5_shape96x96.csv,16,5,80,1,9216,35.9814352625,2024.32214,1.0695358815625,0.3457641184374997,57,usb2,max,glu,5.0653,288.72209999999995,0.0288722099999999,0.0057128584,10000,output-round6
6,cnn_glu_16_1_repeat6_shape96x96.csv,16,6,96,1,9216,35.6027372875,2028.27522,1.0600684321875,0.5242315678125,59,usb2,max,glu,5.2343,308.82370000000003,0.03088237,0.0059092835,10000,output-round6
7,cnn_glu_16_1_repeat7_shape96x96.csv,16,7,112,1,9216,33.46118688181818,2021.4723454545456,1.0065296720454544,0.4246521461363639,61,usb2,max,glu,5.081181818181818,309.9520909090909,0.030995209090909,0.0061234086,10000,output-round6
8,cnn_glu_16_1_repeat8_shape96x96.csv,16,8,128,1,9216,33.49538466136364,2031.681727272727,1.007384616534091,0.4341608380113642,63,usb2,max,glu,5.091545454545455,320.76736363636365,0.0321184904011578,0.0063187351557024,9987,output-round6
9,cnn_glu_16_1_repeat9_shape96x96.csv,16,9,144,1,9216,32.48357271818182,2031.817,0.9820893179545456,0.4024561365909087,63,usb2,max,glu,5.034545454545454,317.1763636363636,0.032806822883364,0.0065271214315266,9668,output-round6
10,cnn_glu_2_1_repeat10_shape96x96.csv,2,10,20,1,9216,36.367489045,2033.76656,1.079187226125,0.2203127738750008,57,usb2,max,glu,4.9495000000000005,282.1215,0.02821215,0.0056949348999999,10000,output-round6
11,cnn_glu_2_1_repeat1_shape96x96.csv,2,1,2,1,9216,44.401078546875,2031.458,1.2800269636718749,0.0062230363281252,47,usb2,max,glu,4.93625,232.00375000000005,0.023200375,0.0047317283,10000,output-round6
12,cnn_glu_2_1_repeat2_shape96x96.csv,2,2,4,1,9216,43.90493921875,2032.1772,1.26762348046875,-0.0193734804687499,47,usb2,max,glu,4.89825,230.21775,0.0230217749999999,0.004740683,10000,output-round6
13,cnn_glu_2_1_repeat3_shape96x96.csv,2,3,6,1,9216,42.1965429,2032.082,1.2249135725,0.3959614275000001,49,usb2,max,glu,5.270875,258.272875,0.0258272875,0.0048935761,10000,output-round6
14,cnn_glu_2_1_repeat4_shape96x96.csv,2,4,8,1,9216,38.93849933611111,2018.750311111111,1.1434624834027778,0.1343152943750003,50,usb2,max,glu,4.927777777777778,246.3888888888889,0.0246388888888888,0.0050167623,10000,output-round6
15,cnn_glu_2_1_repeat5_shape96x96.csv,2,5,10,1,9216,40.38834316388889,2031.487311111111,1.1797085790972222,0.0537358653472224,52,usb2,max,glu,4.883444444444445,253.93911111111112,0.0253939111111111,0.0052211166,10000,output-round6
16,cnn_glu_2_1_repeat6_shape96x96.csv,2,6,12,1,9216,40.86593508055556,2032.3926888888889,1.191648377013889,0.0291294007638884,52,usb2,max,glu,4.870777777777778,253.28044444444444,0.0253280444444444,0.0052367371,10000,output-round6
17,cnn_glu_2_1_repeat7_shape96x96.csv,2,7,14,1,9216,38.16623104722223,2031.9016222222224,1.1241557761805556,0.1177331127083332,53,usb2,max,glu,4.8918888888888885,259.2701111111111,0.0259270111111111,0.005317795,10000,output-round6
18,cnn_glu_2_1_repeat8_shape96x96.csv,2,8,16,1,9216,37.34176803333333,2032.703288888889,1.1035442008333334,0.2395669102777771,54,usb2,max,glu,4.99311111111111,269.628,0.0269628,0.0053991987,10000,output-round6
19,cnn_glu_2_1_repeat9_shape96x96.csv,2,9,18,1,9216,36.64839661499999,2028.11882,1.0862099153749998,0.2454900846249992,56,usb2,max,glu,4.981699999999999,278.9752,0.02789752,0.0056059213,10000,output-round6
20,cnn_glu_32_1_repeat10_shape96x96.csv,32,10,320,1,9216,27.05095829090909,2028.2615454545453,0.8462739572727274,0.6919987700000001,63,usb2,max,glu,5.188272727272727,326.8611818181818,0.0431556881196437,0.0083353035384209,7574,output-round6
21,cnn_glu_32_1_repeat1_shape96x96.csv,32,1,32,1,9216,42.486816009375,2026.44785,1.232170400234375,0.2012045997656253,49,usb2,max,glu,5.083375,249.085375,0.0249085375,0.004952928,10000,output-round6
22,cnn_glu_32_1_repeat2_shape96x96.csv,32,2,64,1,9216,39.03306789444445,2026.5634888888883,1.145826697361111,0.1319510804166666,53,usb2,max,glu,4.927777777777778,261.1722222222222,0.0261172222222222,0.005234645,10000,output-round6
23,cnn_glu_32_1_repeat3_shape96x96.csv,32,3,96,1,9216,35.39729355750001,2018.86856,1.0549323389375005,0.3850676610624988,57,usb2,max,glu,5.089999999999999,290.12999999999994,0.0290129999999999,0.0056547264,10000,output-round6
24,cnn_glu_32_1_repeat4_shape96x96.csv,32,4,128,1,9216,34.0832591875,2027.25818,1.0220814796875,0.6078185203124993,59,usb2,max,glu,5.2799,311.5141,0.0311514099999999,0.005949878,10000,output-round6
25,cnn_glu_32_1_repeat5_shape96x96.csv,32,5,160,1,9216,32.41305792954545,2023.5236363636368,0.9803264482386363,0.5975826426704551,63,usb2,max,glu,5.227909090909091,329.3582727272728,0.0329358272727272,0.0063099253,10000,output-round6
26,cnn_glu_32_1_repeat6_shape96x96.csv,32,6,192,1,9216,31.84727880227273,2023.2842727272723,0.9661819700568184,0.5807271208522722,63,usb2,max,glu,5.196909090909091,327.4052727272727,0.0351935152883234,0.0067849295926045,9303,output-round6
27,cnn_glu_32_1_repeat7_shape96x96.csv,32,7,224,1,9216,29.998829779545453,2023.8300727272729,0.9199707444886364,0.6511201646022724,63,usb2,max,glu,5.221090909090909,328.92872727272726,0.0369998568360773,0.0071002305961754,8890,output-round6
28,cnn_glu_32_1_repeat8_shape96x96.csv,32,8,256,1,9216,28.954834470454543,2025.4365636363636,0.8938708617613637,0.5770382291477278,63,usb2,max,glu,5.120909090909091,322.61727272727273,0.0385582972065582,0.007544020676467,8367,output-round6
29,cnn_glu_32_1_repeat9_shape96x96.csv,32,9,288,1,9216,27.90245336136364,2023.8440909090905,0.8675613340340911,0.5446204841477269,63,usb2,max,glu,5.062181818181818,318.9174545454545,0.0397256420709335,0.0078612149975087,8028,output-round6
30,cnn_glu_4_1_repeat10_shape96x96.csv,4,10,40,1,9216,35.98594007249999,2023.79908,1.0696485018125,0.353251498187499,57,usb2,max,glu,5.072899999999999,289.15529999999995,0.0289155299999999,0.0057728883,10000,output-round6
31,cnn_glu_4_1_repeat1_shape96x96.csv,4,1,4,1,9216,42.127543996875005,2017.49915,1.223188599921875,0.2553114000781256,47,usb2,max,glu,5.128500000000001,241.03950000000003,0.02410395,0.0046761599,10000,output-round6
32,cnn_glu_4_1_repeat2_shape96x96.csv,4,2,8,1,9216,43.3126606125,2027.2334,1.2528165153125,0.0666834846875001,47,usb2,max,glu,4.9695,233.5665,0.02335665,0.0047553253,10000,output-round6
33,cnn_glu_4_1_repeat3_shape96x96.csv,4,3,12,1,9216,40.79682733611111,2018.9976,1.1899206834027776,0.0055237610416658,50,usb2,max,glu,4.845444444444444,242.27222222222215,0.0242272222222222,0.0049445354,10000,output-round6
34,cnn_glu_4_1_repeat4_shape96x96.csv,4,4,16,1,9216,37.26970988055555,2006.3433333333328,1.1017427470138887,0.1105905863194451,50,usb2,max,glu,4.862333333333334,243.1166666666667,0.0243116666666666,0.0050471181,10000,output-round6
35,cnn_glu_4_1_repeat5_shape96x96.csv,4,5,20,1,9216,39.13009936111112,2025.9736888888883,1.148252484027778,0.0873030715277782,52,usb2,max,glu,4.885555555555556,254.0488888888889,0.0254048888888888,0.0051538871,10000,output-round6
36,cnn_glu_4_1_repeat6_shape96x96.csv,4,6,24,1,9216,38.09054938611112,2019.104688888889,1.122263734652778,0.2482918209027773,53,usb2,max,glu,5.020555555555555,266.08944444444444,0.0266089444444444,0.00523988,10000,output-round6
37,cnn_glu_4_1_repeat7_shape96x96.csv,4,7,28,1,9216,37.94459976944445,2023.477,1.1186149942361112,0.3511627835416671,53,usb2,max,glu,5.119777777777778,271.34822222222226,0.0271348222222222,0.0053715792,10000,output-round6
38,cnn_glu_4_1_repeat8_shape96x96.csv,4,8,32,1,9216,35.11457611,2012.11978,1.04786440275,0.1718355972499998,55,usb2,max,glu,4.8697,267.8335,0.02678335,0.0055353668,10000,output-round6
39,cnn_glu_4_1_repeat9_shape96x96.csv,4,9,36,1,9216,37.533971847500005,2023.31814,1.1083492961875,0.1056507038124991,57,usb2,max,glu,4.863999999999999,277.24799999999993,0.0277247999999999,0.0056767712,10000,output-round6
40,cnn_glu_64_1_repeat10_shape96x96.csv,64,10,640,1,9216,17.878279781818183,2023.860618181818,0.6169569945454546,0.5672248236363635,63,usb2,max,glu,4.834181818181818,304.55345454545454,0.0807191769269691,0.0167328163265306,3773,output-round6
41,cnn_glu_64_1_repeat1_shape96x96.csv,64,1,64,1,9216,36.44633885,2026.9755555555555,1.08115847125,0.4645081954166667,54,usb2,max,glu,5.195666666666667,280.56600000000003,0.0280566,0.0054049788999999,10000,output-round6
42,cnn_glu_64_1_repeat2_shape96x96.csv,64,2,128,1,9216,33.56985086590909,2024.3102181818183,1.0092462716477273,0.2631173647159088,61,usb2,max,glu,4.922363636363636,300.26418181818184,0.0300264181818181,0.006167722,10000,output-round6
43,cnn_glu_64_1_repeat3_shape96x96.csv,64,3,192,1,9216,28.62240467500001,2024.135163636364,0.8855601168750002,0.4333489740340908,63,usb2,max,glu,4.968909090909091,313.0412727272727,0.0369937689349176,0.0074597771212479,8462,output-round6
44,cnn_glu_64_1_repeat4_shape96x96.csv,64,4,256,1,9216,25.75577812954545,2023.9376363636368,0.8138944532386364,0.4791055467613643,63,usb2,max,glu,4.9430000000000005,311.40900000000005,0.0439346783295711,0.0089062199492099,7088,output-round6
45,cnn_glu_64_1_repeat5_shape96x96.csv,64,5,320,1,9216,22.571296447727278,2025.6501454545453,0.7342824111931819,0.6347175888068182,63,usb2,max,glu,5.019,316.197,0.0505187729669276,0.0100846416360441,6259,output-round6
46,cnn_glu_64_1_repeat6_shape96x96.csv,64,6,384,1,9216,21.043287297727275,2023.9724,0.696082182443182,0.5433723630113634,63,usb2,max,glu,4.889454545454545,308.03563636363634,0.0557227996316274,0.011416522431259,5528,output-round6
47,cnn_glu_64_1_repeat7_shape96x96.csv,64,7,448,1,9216,19.89818966136364,2023.787127272727,0.667454741534091,0.5512725311931823,63,usb2,max,glu,4.8687272727272735,306.72981818181825,0.0626362708151558,0.0128887022666938,4897,output-round6
48,cnn_glu_64_1_repeat8_shape96x96.csv,64,8,512,1,9216,18.14916458181818,2023.8344909090915,0.6237291145454545,0.5673617945454539,63,usb2,max,glu,4.841090909090909,304.98872727272726,0.0676399927417891,0.0139957356398314,4509,output-round6
49,cnn_glu_64_1_repeat9_shape96x96.csv,64,9,576,1,9216,18.50876576136364,2024.2986909090907,0.632719144034091,0.5790990377840921,63,usb2,max,glu,4.861818181818183,306.2945454545455,0.0741453753218459,0.0152798477366255,4131,output-round6
50,cnn_glu_8_1_repeat10_shape96x96.csv,8,10,80,1,9216,31.90028271136364,2010.1653090909087,0.967507067784091,0.4343111140340912,60,usb2,max,glu,5.051818181818182,303.1090909090909,0.030310909090909,0.0059980466,10000,output-round6
51,cnn_glu_8_1_repeat1_shape96x96.csv,8,1,8,1,9216,43.51763255625001,2027.446725,1.2579408139062502,0.1873091860937497,48,usb2,max,glu,5.09525,244.572,0.0244572,0.0047636181,10000,output-round6
52,cnn_glu_8_1_repeat2_shape96x96.csv,8,2,16,1,9216,42.1817767,2027.0287,1.2245444175,0.1898305825000004,48,usb2,max,glu,5.064375,243.09,0.024309,0.0048674851,10000,output-round6
53,cnn_glu_8_1_repeat3_shape96x96.csv,8,3,24,1,9216,38.311399441666666,2014.6767111111112,1.1277849860416669,0.0551039028472226,50,usb2,max,glu,4.832888888888889,241.64444444444447,0.0241644444444444,0.0049642987,10000,output-round6
54,cnn_glu_8_1_repeat4_shape96x96.csv,8,4,32,1,9216,40.24028315277778,2027.0394666666664,1.1760070788194443,0.0426595878472224,51,usb2,max,glu,4.868666666666667,248.302,0.0248302,0.0051255597,10000,output-round6
55,cnn_glu_8_1_repeat5_shape96x96.csv,8,5,40,1,9216,39.210341563888896,2027.353133333333,1.1502585390972224,0.2055192386805551,54,usb2,max,glu,5.005777777777777,270.31199999999995,0.0270311999999999,0.0054208309,10000,output-round6
56,cnn_glu_8_1_repeat6_shape96x96.csv,8,6,48,1,9216,39.254372116666666,2027.2501333333328,1.1513593029166669,0.2529740304166665,54,usb2,max,glu,5.054333333333333,272.934,0.0272933999999999,0.0054163127,10000,output-round6
57,cnn_glu_8_1_repeat7_shape96x96.csv,8,7,56,1,9216,36.678887290000006,2027.58106,1.0869721822500005,0.2144278177499994,55,usb2,max,glu,4.9514,272.327,0.0272327,0.0055487385,10000,output-round6
58,cnn_glu_8_1_repeat8_shape96x96.csv,8,8,64,1,9216,35.4854412775,2019.74596,1.0571360319375,0.3315639680625004,57,usb2,max,glu,5.0387,287.20590000000004,0.02872059,0.0056714716,10000,output-round6
59,cnn_glu_8_1_repeat9_shape96x96.csv,8,9,72,1,9216,34.872742132499994,2023.7362800000003,1.0418185533125,0.4683814466874998,59,usb2,max,glu,5.1602,304.4518,0.03044518,0.0058961644999999,10000,output-round6
0,cnn_glu_16_1_repeat10_shape96x96.csv,16,10,160,1,9216,25.18287113,2027.71024,0.7995717782500001,0.6560282217500006,34,usb3,max,glu,6.105600000000001,207.5904,0.02075904,0.0034297656,10000,output-round6
1,cnn_glu_16_1_repeat1_shape96x96.csv,16,1,16,1,9216,34.470822775,1988.794,1.031770569375,0.0902294306249986,21,usb3,max,glu,5.771999999999999,121.212,0.0121211999999999,0.0020800467,10000,output-round6
2,cnn_glu_16_1_repeat2_shape96x96.csv,16,2,32,1,9216,36.44898534166667,2027.3676666666663,1.0812246335416669,-0.0158913002083336,22,usb3,max,glu,5.715333333333334,125.73733333333334,0.0125737333333333,0.0022314055,10000,output-round6
3,cnn_glu_16_1_repeat3_shape96x96.csv,16,3,48,1,9216,33.50774035,2026.477,1.00769350875,0.1963064912499987,24,usb3,max,glu,5.853999999999999,140.49599999999998,0.0140495999999999,0.0023697265,10000,output-round6
4,cnn_glu_16_1_repeat4_shape96x96.csv,16,4,64,1,9216,31.228842006250005,2017.44415,0.9507210501562502,-0.0894710501562503,25,usb3,max,glu,5.51125,137.78125,0.013778125,0.0025074336,10000,output-round6
5,cnn_glu_16_1_repeat5_shape96x96.csv,16,5,80,1,9216,29.474811331249995,1998.24035,0.90687028328125,0.2863797167187494,27,usb3,max,glu,5.843249999999999,157.76774999999998,0.0157767749999999,0.0026664388,10000,output-round6
6,cnn_glu_16_1_repeat6_shape96x96.csv,16,6,96,1,9216,31.08277253125,2028.4078,0.94706931328125,0.0606806867187499,28,usb3,max,glu,5.65775,158.417,0.0158417,0.0028518612,10000,output-round6
7,cnn_glu_16_1_repeat7_shape96x96.csv,16,7,112,1,9216,27.103282745,2019.59172,0.8475820686250001,0.2628179313749994,30,usb3,max,glu,5.7604,172.81199999999998,0.0172812,0.0029629071,10000,output-round6
8,cnn_glu_16_1_repeat8_shape96x96.csv,16,8,128,1,9216,25.293355485000003,2011.92352,0.8023338871250002,0.5702661128750002,31,usb3,max,glu,6.022600000000001,186.7006,0.01867006,0.0031450684,10000,output-round6
9,cnn_glu_16_1_repeat9_shape96x96.csv,16,9,144,1,9216,25.270943275,2026.9456,0.8017735818750001,0.3466264181249991,33,usb3,max,glu,5.7984,191.3472,0.0191347199999999,0.0032926511,10000,output-round6
10,cnn_glu_2_1_repeat10_shape96x96.csv,2,10,20,1,9216,33.974092175,2026.8733333333328,1.019352304375,-0.1000189710416679,24,usb3,max,glu,5.569333333333333,133.664,0.0133663999999999,0.002396403,10000,output-round6
11,cnn_glu_2_1_repeat1_shape96x96.csv,2,1,2,1,9216,40.5316123625,2007.4474,1.1832903090625,-0.108790309062499,19,usb3,max,glu,5.724500000000001,108.76550000000002,0.01087655,0.0019419856,10000,output-round6
12,cnn_glu_2_1_repeat2_shape96x96.csv,2,2,4,1,9216,32.49746188333334,1976.8534666666667,0.9824365470833336,-0.2531032137499993,20,usb3,max,glu,5.379333333333334,107.58666666666667,0.0107586666666666,0.0019865314,10000,output-round6
13,cnn_glu_2_1_repeat3_shape96x96.csv,2,3,6,1,9216,35.857570775,2001.7634666666663,1.066439269375,-0.6661059360416668,20,usb3,max,glu,5.050333333333334,101.00666666666667,0.0101006666666666,0.0020345331,10000,output-round6
14,cnn_glu_2_1_repeat4_shape96x96.csv,2,4,8,1,9216,32.16325054166666,1976.8462,0.9740812635416668,0.1352520697916661,21,usb3,max,glu,5.759333333333333,120.946,0.0120946,0.0021118695,10000,output-round6
15,cnn_glu_2_1_repeat5_shape96x96.csv,2,5,10,1,9216,37.04332338333334,2014.4246,1.0960830845833334,-0.3667497512500013,21,usb3,max,glu,5.379333333333332,112.96599999999998,0.0112965999999999,0.00215098,10000,output-round6
16,cnn_glu_2_1_repeat6_shape96x96.csv,2,6,12,1,9216,32.92132349166666,2002.2974,0.9930330872916666,0.1289669127083321,22,usb3,max,glu,5.771999999999999,126.98399999999998,0.0126983999999999,0.0021671441,10000,output-round6
17,cnn_glu_2_1_repeat7_shape96x96.csv,2,7,14,1,9216,36.93891148333333,2028.0396666666663,1.0934727870833332,-0.059806120416666,23,usb3,max,glu,5.683666666666667,130.72433333333333,0.0130724333333333,0.0022605408,10000,output-round6
18,cnn_glu_2_1_repeat8_shape96x96.csv,2,8,16,1,9216,35.05921124166667,2027.08,1.046480281041667,-0.2154802810416676,23,usb3,max,glu,5.480999999999999,126.06299999999996,0.0126062999999999,0.0022868079,10000,output-round6
19,cnn_glu_2_1_repeat9_shape96x96.csv,2,9,18,1,9216,34.44018929166666,2027.16,1.031004732291667,-0.0483380656250007,23,usb3,max,glu,5.632666666666666,129.55133333333333,0.0129551333333333,0.0023494682,10000,output-round6
20,cnn_glu_32_1_repeat10_shape96x96.csv,32,10,320,1,9216,18.19369208125,2026.8974,0.62484230203125,0.9761576979687492,49,usb3,max,glu,6.251,306.299,0.0306298999999999,0.0048591996,10000,output-round6
21,cnn_glu_32_1_repeat1_shape96x96.csv,32,1,32,1,9216,36.98882374166667,2027.5324,1.0947205935416668,-0.2130539268750002,23,usb3,max,glu,5.531666666666667,127.22833333333334,0.0127228333333333,0.0022251618,10000,output-round6
22,cnn_glu_32_1_repeat2_shape96x96.csv,32,2,64,1,9216,32.60011990625,2018.2296,0.98500299765625,-0.0295029976562499,25,usb3,max,glu,5.6055,140.13750000000002,0.01401375,0.0025110363,10000,output-round6
23,cnn_glu_32_1_repeat3_shape96x96.csv,32,3,96,1,9216,27.953319025,2018.8053,0.8688329756250001,0.4664170243749996,29,usb3,max,glu,5.98525,173.57225,0.017357225,0.0028104293,10000,output-round6
24,cnn_glu_32_1_repeat4_shape96x96.csv,32,4,128,1,9216,24.39495472,2005.15004,0.779873868,0.3721261319999991,31,usb3,max,glu,5.802,179.862,0.0179862,0.0030764846,10000,output-round6
25,cnn_glu_32_1_repeat5_shape96x96.csv,32,5,160,1,9216,24.709877559999995,2028.07828,0.7877469389999999,0.6830530609999999,34,usb3,max,glu,6.1208,208.1072,0.02081072,0.0034086647999999,10000,output-round6
26,cnn_glu_32_1_repeat6_shape96x96.csv,32,6,192,1,9216,24.183311895833334,2027.7203,0.7745827973958336,0.5305838692708322,37,usb3,max,glu,5.955166666666666,220.34116666666665,0.0220341166666666,0.0036842034,10000,output-round6
27,cnn_glu_32_1_repeat7_shape96x96.csv,32,7,224,1,9216,21.934991970833337,2027.9069,0.7183747992708335,0.7387918673958334,39,usb3,max,glu,6.107166666666667,238.1795,0.02381795,0.0039612968,10000,output-round6
28,cnn_glu_32_1_repeat8_shape96x96.csv,32,8,256,1,9216,21.580353910714287,2027.637,0.7095088477678573,0.8187768665178554,43,usb3,max,glu,6.178285714285713,265.66628571428566,0.0265666285714285,0.0042819107,10000,output-round6
29,cnn_glu_32_1_repeat9_shape96x96.csv,32,9,288,1,9216,21.604275975,2032.013675,0.710106899375,0.7246431006249994,46,usb3,max,glu,6.08475,279.8985,0.02798985,0.0045863908,10000,output-round6
30,cnn_glu_4_1_repeat10_shape96x96.csv,4,10,40,1,9216,34.805978941666666,2028.0452,1.0401494735416668,0.0248505264583327,24,usb3,max,glu,5.715,137.16,0.0137159999999999,0.0024107451,10000,output-round6
31,cnn_glu_4_1_repeat1_shape96x96.csv,4,1,4,1,9216,35.919280216666664,1989.7156,1.0679820054166669,-0.6613153387500006,20,usb3,max,glu,5.056666666666667,101.13333333333333,0.0101133333333333,0.0019552765,10000,output-round6
32,cnn_glu_4_1_repeat2_shape96x96.csv,4,2,8,1,9216,39.030465683333325,2015.245133333333,1.1457616420833332,-0.4227616420833335,20,usb3,max,glu,5.373,107.46,0.010746,0.0019859195,10000,output-round6
33,cnn_glu_4_1_repeat3_shape96x96.csv,4,3,12,1,9216,34.174086075,1977.2342666666664,1.024352151875,0.0663145147916663,20,usb3,max,glu,5.740666666666667,114.81333333333332,0.0114813333333333,0.0020469747,10000,output-round6
34,cnn_glu_4_1_repeat4_shape96x96.csv,4,4,16,1,9216,38.39867465833333,2020.1833333333332,1.129966866458333,-0.4766335331249998,21,usb3,max,glu,5.303333333333334,111.37,0.011137,0.0021201807,10000,output-round6
35,cnn_glu_4_1_repeat5_shape96x96.csv,4,5,20,1,9216,34.160766108333334,2003.4890666666668,1.024019152708333,-0.0030191527083331,22,usb3,max,glu,5.671,124.762,0.0124762,0.0021772236,10000,output-round6
36,cnn_glu_4_1_repeat6_shape96x96.csv,4,6,24,1,9216,31.98930918333333,1990.2,0.9697327295833332,-0.2147327295833339,22,usb3,max,glu,5.405,118.91,0.011891,0.0021895095,10000,output-round6
37,cnn_glu_4_1_repeat7_shape96x96.csv,4,7,28,1,9216,35.809175075,2027.359,1.065229376875,-0.4495627102083332,23,usb3,max,glu,5.265666666666667,121.11033333333334,0.0121110333333333,0.0022264662,10000,output-round6
38,cnn_glu_4_1_repeat8_shape96x96.csv,4,8,32,1,9216,36.045719741666666,2028.3702,1.0711429935416668,-0.3671429935416679,23,usb3,max,glu,5.353999999999999,123.14199999999998,0.0123141999999999,0.0022997026,10000,output-round6
39,cnn_glu_4_1_repeat9_shape96x96.csv,4,9,36,1,9216,35.80687328333333,2027.4166666666667,1.0651718320833332,-0.4055051654166659,24,usb3,max,glu,5.309666666666668,127.43200000000002,0.0127432,0.0023451358,10000,output-round6
40,cnn_glu_64_1_repeat10_shape96x96.csv,64,10,640,1,9216,11.923100954545454,2027.959109090909,0.4680775238636363,0.8852861124999993,62,usb3,max,glu,6.003363636363636,372.2085454545454,0.0671008735270498,0.0113025913106183,5547,output-round6
41,cnn_glu_64_1_repeat1_shape96x96.csv,64,1,64,1,9216,31.1763729125,2009.1036,0.9494093228125,-0.0171593228125006,26,usb3,max,glu,5.58225,145.1385,0.01451385,0.0025783491,10000,output-round6
42,cnn_glu_64_1_repeat2_shape96x96.csv,64,2,128,1,9216,24.05954868,2005.83764,0.7714887170000001,0.4909112829999991,31,usb3,max,glu,5.9124,183.2844,0.01832844,0.0031473573,10000,output-round6
43,cnn_glu_64_1_repeat3_shape96x96.csv,64,3,192,1,9216,22.973245203571427,2028.0877714285716,0.7443311300892858,0.5049545841964287,42,usb3,max,glu,5.899285714285715,247.77000000000004,0.024777,0.0041492474,10000,output-round6
44,cnn_glu_64_1_repeat4_shape96x96.csv,64,4,256,1,9216,17.55400155,2024.0144888888888,0.60885003875,0.6693721834722215,52,usb3,max,glu,5.928222222222222,308.26755555555553,0.0308267555555555,0.0052145857999999,10000,output-round6
45,cnn_glu_64_1_repeat5_shape96x96.csv,64,5,320,1,9216,16.453031143181818,2018.0635454545452,0.5813257785795455,0.801492403238635,61,usb3,max,glu,6.032818181818181,368.001909090909,0.0368001909090909,0.0061626008,10000,output-round6
46,cnn_glu_64_1_repeat6_shape96x96.csv,64,6,384,1,9216,14.727310920454546,2028.4550363636365,0.5381827730113636,0.7997263178977265,63,usb3,max,glu,5.98790909090909,377.2382727272727,0.0433956370329314,0.0072129457034395,8693,output-round6
47,cnn_glu_64_1_repeat7_shape96x96.csv,64,7,448,1,9216,14.375924679545454,2028.5809454545451,0.5293981169886364,0.8153291557386355,62,usb3,max,glu,5.994727272727272,371.6730909090909,0.0489623357804098,0.0082589865630351,7591,output-round6
48,cnn_glu_64_1_repeat8_shape96x96.csv,64,8,512,1,9216,13.836814795454544,2028.4006909090915,0.5159203698863637,0.7873523573863634,63,usb3,max,glu,5.953272727272728,375.0561818181818,0.0559451345194185,0.0093525905429594,6704,output-round6
49,cnn_glu_64_1_repeat9_shape96x96.csv,64,9,576,1,9216,12.469422365909091,2032.372072727273,0.4817355591477273,0.7648098953977271,63,usb3,max,glu,5.896545454545455,371.4823636363637,0.0612299923580622,0.0103361875721114,6067,output-round6
50,cnn_glu_8_1_repeat10_shape96x96.csv,8,10,80,1,9216,29.102464625,2028.65,0.897561615625,0.1199383843749997,27,usb3,max,glu,5.6675,153.0225,0.01530225,0.0027533237,10000,output-round6
51,cnn_glu_8_1_repeat1_shape96x96.csv,8,1,8,1,9216,33.60012353333333,1990.734333333333,1.0100030883333333,-0.843669755000001,20,usb3,max,glu,4.816333333333333,96.32666666666664,0.0096326666666666,0.0019590244,10000,output-round6
52,cnn_glu_8_1_repeat2_shape96x96.csv,8,2,16,1,9216,39.21338994166667,2016.4041333333332,1.1503347485416668,-0.1740014152083331,21,usb3,max,glu,5.626333333333334,118.15300000000002,0.0118153,0.0020466746,10000,output-round6
53,cnn_glu_8_1_repeat3_shape96x96.csv,8,3,24,1,9216,32.94742475,2003.182133333333,0.99368561875,0.1093143812499999,21,usb3,max,glu,5.753,120.813,0.0120813,0.0021518707,10000,output-round6
54,cnn_glu_8_1_repeat4_shape96x96.csv,8,4,32,1,9216,37.5095597,2028.023,1.1077389925,0.0269276741666661,23,usb3,max,glu,5.784666666666666,133.0473333333333,0.0133047333333333,0.0022431928,10000,output-round6
55,cnn_glu_8_1_repeat5_shape96x96.csv,8,5,40,1,9216,36.02345783333334,2040.9439333333328,1.0705864458333334,-0.0305864458333333,23,usb3,max,glu,5.69,130.87,0.013087,0.0022912226,10000,output-round6
56,cnn_glu_8_1_repeat6_shape96x96.csv,8,6,48,1,9216,34.48084405,2028.9988,1.03202110125,0.0899788987499992,24,usb3,max,glu,5.771999999999999,138.528,0.0138527999999999,0.0024131584,10000,output-round6
57,cnn_glu_8_1_repeat7_shape96x96.csv,8,7,56,1,9216,33.1006324875,2029.3652,0.9975158121875,-0.1177658121875007,25,usb3,max,glu,5.52975,138.24375,0.013824375,0.0025025084,10000,output-round6
58,cnn_glu_8_1_repeat8_shape96x96.csv,8,8,64,1,9216,27.74921290625,2000.71495,0.86373032265625,0.1917696773437498,26,usb3,max,glu,5.7055,148.343,0.0148342999999999,0.0025545692,10000,output-round6
59,cnn_glu_8_1_repeat9_shape96x96.csv,8,9,72,1,9216,30.6262793,2028.771,0.9356569825,0.1388430174999992,26,usb3,max,glu,5.7245,148.837,0.0148837,0.0026442276,10000,output-round6
0,cnn_separable_16_1_repeat10_shape96x96.csv,16,10,160,1,9216,37.41487709166667,2014.7832,1.105371927291667,0.1956280727083341,51,usb2,max,separable,4.9510000000000005,252.50100000000003,0.0252501,0.005086754,10000,output-round6
1,cnn_separable_16_1_repeat1_shape96x96.csv,16,1,16,1,9216,44.669171234375,2022.61905,1.2867292808593749,-0.0622292808593747,46,usb2,max,separable,4.8745,224.227,0.0224227,0.0045956984,10000,output-round6
2,cnn_separable_16_1_repeat2_shape96x96.csv,16,2,32,1,9216,42.565665515625,2020.118825,1.234141637890625,0.1778583621093754,47,usb2,max,separable,5.062,237.914,0.0237914,0.0047237645,10000,output-round6
3,cnn_separable_16_1_repeat3_shape96x96.csv,16,3,48,1,9216,41.41424865625,2022.41105,1.20535621640625,0.2042687835937506,48,usb2,max,separable,5.0596250000000005,242.862,0.0242862,0.0047552981,10000,output-round6
4,cnn_separable_16_1_repeat4_shape96x96.csv,16,4,64,1,9216,43.64142825625,2026.6778,1.26103570640625,0.1604642935937494,48,usb2,max,separable,5.0715,243.432,0.0243431999999999,0.004812402,10000,output-round6
5,cnn_separable_16_1_repeat5_shape96x96.csv,16,5,80,1,9216,42.595786162500005,2026.1397,1.2348946540625,0.1201053459375001,49,usb2,max,separable,5.005,245.245,0.0245245,0.0048768816,10000,output-round6
6,cnn_separable_16_1_repeat6_shape96x96.csv,16,6,96,1,9216,40.157755990625,2021.38905,1.1739438997656249,0.1858061002343753,48,usb2,max,separable,5.00975,240.468,0.0240468,0.0048384433,10000,output-round6
7,cnn_separable_16_1_repeat7_shape96x96.csv,16,7,112,1,9216,40.51717649375,2026.56985,1.18292941234375,0.2789455876562505,49,usb2,max,separable,5.111875,250.48187500000003,0.0250481875,0.0049336526,10000,output-round6
8,cnn_separable_16_1_repeat8_shape96x96.csv,16,8,128,1,9216,38.042614325,2017.567155555556,1.121065358125,0.3254901974305557,50,usb2,max,separable,5.096555555555556,254.82777777777775,0.0254827777777777,0.0049999191,10000,output-round6
9,cnn_separable_16_1_repeat9_shape96x96.csv,16,9,144,1,9216,39.03138650833333,2021.7808888888887,1.1457846627083337,0.1594375595138886,50,usb2,max,separable,4.955222222222222,247.7611111111111,0.0247761111111111,0.005023114,10000,output-round6
10,cnn_separable_2_1_repeat10_shape96x96.csv,2,10,20,1,9216,36.98960215,2005.0016666666663,1.0947400537499998,0.2990377240277779,50,usb2,max,separable,5.043777777777778,252.1888888888889,0.0252188888888888,0.0049812955,10000,output-round6
11,cnn_separable_2_1_repeat1_shape96x96.csv,2,1,2,1,9216,43.356664371875,2016.8997,1.253916609296875,0.0513333907031245,46,usb2,max,separable,4.95525,227.9415,0.0227941499999999,0.0045689559,10000,output-round6
12,cnn_separable_2_1_repeat2_shape96x96.csv,2,2,4,1,9216,44.638465809375,2026.11,1.285961645234375,0.164038354765625,47,usb2,max,separable,5.1,239.7,0.0239699999999999,0.0046515511,10000,output-round6
13,cnn_separable_2_1_repeat3_shape96x96.csv,2,3,6,1,9216,43.87862186875,2026.603775,1.26696554671875,0.1830344532812504,47,usb2,max,separable,5.1000000000000005,239.7,0.02397,0.0046851754999999,10000,output-round6
14,cnn_separable_2_1_repeat4_shape96x96.csv,2,4,8,1,9216,43.293633078125,2021.6502,1.2523408269531249,0.2831591730468745,47,usb2,max,separable,5.185499999999999,243.7185,0.0243718499999999,0.0046956381,10000,output-round6
15,cnn_separable_2_1_repeat5_shape96x96.csv,2,5,10,1,9216,42.669004712500005,2017.145125,1.2367251178125,0.1326498821875001,48,usb2,max,separable,5.019375,240.93,0.024093,0.0047713931,10000,output-round6
16,cnn_separable_2_1_repeat6_shape96x96.csv,2,6,12,1,9216,40.48148085625,2019.529225,1.18203702140625,0.258587978593749,48,usb2,max,separable,5.090624999999999,244.35,0.0244349999999999,0.0047868747,10000,output-round6
17,cnn_separable_2_1_repeat7_shape96x96.csv,2,7,14,1,9216,41.81331859444445,2022.407866666667,1.2153329648611113,0.0540003684722223,50,usb2,max,separable,4.919333333333333,245.96666666666667,0.0245966666666666,0.0049206733,10000,output-round6
18,cnn_separable_2_1_repeat8_shape96x96.csv,2,8,16,1,9216,38.01797920277778,2005.3441111111108,1.1204494800694444,0.1235505199305557,50,usb2,max,separable,4.894,244.7,0.02447,0.0049196388,10000,output-round6
19,cnn_separable_2_1_repeat9_shape96x96.csv,2,9,18,1,9216,38.13205729166667,2009.594688888889,1.1233014322916668,0.1312541232638886,50,usb2,max,separable,4.904555555555556,245.2277777777778,0.0245227777777777,0.0049455246,10000,output-round6
20,cnn_separable_32_1_repeat10_shape96x96.csv,32,10,320,1,9216,38.03745526388889,2026.5452,1.1209363815972222,0.2855080628472217,54,usb2,max,separable,5.056444444444444,273.04799999999994,0.0273047999999999,0.0054372132999999,10000,output-round6
21,cnn_separable_32_1_repeat1_shape96x96.csv,32,1,32,1,9216,44.55781050625,2026.1822,1.28394526265625,0.1779297373437507,46,usb2,max,separable,5.111875,235.14625,0.023514625,0.0046273494,10000,output-round6
22,cnn_separable_32_1_repeat2_shape96x96.csv,32,2,64,1,9216,43.572573859375,2026.561075,1.259314346484375,0.1455606535156248,47,usb2,max,separable,5.054875,237.579125,0.0237579125,0.0047166249999999,10000,output-round6
23,cnn_separable_32_1_repeat3_shape96x96.csv,32,3,96,1,9216,42.034707350000005,2022.67095,1.22086768375,0.3596323162499995,48,usb2,max,separable,5.230499999999999,251.064,0.0251063999999999,0.0047700137,10000,output-round6
24,cnn_separable_32_1_repeat4_shape96x96.csv,32,4,128,1,9216,40.6889751,2021.552725,1.1872243775,0.2841506225000008,48,usb2,max,separable,5.1213750000000005,245.826,0.0245826,0.0048229336,10000,output-round6
25,cnn_separable_32_1_repeat5_shape96x96.csv,32,5,160,1,9216,38.943177463888894,2014.1175333333333,1.1435794365972225,0.2945316745138888,51,usb2,max,separable,5.088111111111111,259.4936666666667,0.0259493666666666,0.005091105,10000,output-round6
26,cnn_separable_32_1_repeat6_shape96x96.csv,32,6,192,1,9216,39.01395104166667,2022.511888888889,1.1453487760416667,0.1113178906249996,51,usb2,max,separable,4.906666666666666,250.24,0.0250239999999999,0.0050147555,10000,output-round6
27,cnn_separable_32_1_repeat7_shape96x96.csv,32,7,224,1,9216,38.046255830555566,2014.0382,1.1211563957638893,0.3021769375694441,52,usb2,max,separable,5.073333333333333,263.81333333333333,0.0263813333333333,0.0051666859,10000,output-round6
28,cnn_separable_32_1_repeat8_shape96x96.csv,32,8,256,1,9216,39.10521808611111,2028.267222222222,1.1476304521527778,0.185036214513889,52,usb2,max,separable,4.982666666666667,259.09866666666665,0.0259098666666666,0.0052338982,10000,output-round6
29,cnn_separable_32_1_repeat9_shape96x96.csv,32,9,288,1,9216,38.24233854722223,2026.590044444444,1.1260584636805555,0.3036082029861107,54,usb2,max,separable,5.079666666666666,274.302,0.0274301999999999,0.0053587387999999,10000,output-round6
30,cnn_separable_4_1_repeat10_shape96x96.csv,4,10,40,1,9216,40.23259413611111,2022.4375777777775,1.1758148534027777,0.0701851465972223,51,usb2,max,separable,4.896,249.696,0.0249696,0.0050248688,10000,output-round6
31,cnn_separable_4_1_repeat1_shape96x96.csv,4,1,4,1,9216,42.10960768125,2012.471325,1.22274019203125,0.1702598079687503,45,usb2,max,separable,5.043,226.935,0.0226935,0.0045818754,10000,output-round6
32,cnn_separable_4_1_repeat2_shape96x96.csv,4,2,8,1,9216,43.83501099375,2021.564875,1.26587527484375,0.0678747251562508,46,usb2,max,separable,4.983750000000001,229.25250000000003,0.02292525,0.0045591704,10000,output-round6
33,cnn_separable_4_1_repeat3_shape96x96.csv,4,3,12,1,9216,42.124925021875,2016.8859,1.223123125546875,0.210251874453125,47,usb2,max,separable,5.083375,238.918625,0.0238918625,0.0047265106,10000,output-round6
34,cnn_separable_4_1_repeat4_shape96x96.csv,4,4,16,1,9216,41.976397909375,2016.912025,1.219409947734375,0.2353400522656241,48,usb2,max,separable,5.104749999999999,245.028,0.0245027999999999,0.0048275385,10000,output-round6
35,cnn_separable_4_1_repeat5_shape96x96.csv,4,5,20,1,9216,43.458854334375005,2012.102825,1.2564713583593752,0.2244036416406243,47,usb2,max,separable,5.130875,241.151125,0.0241151124999999,0.0047186826,10000,output-round6
36,cnn_separable_4_1_repeat6_shape96x96.csv,4,6,24,1,9216,42.892628115625,2026.154375,1.242315702890625,0.2029342971093748,47,usb2,max,separable,5.09525,239.47675,0.023947675,0.0047603984,10000,output-round6
37,cnn_separable_4_1_repeat7_shape96x96.csv,4,7,28,1,9216,42.446467187500005,2025.8959,1.2311616796875,0.0075883203124997,48,usb2,max,separable,4.88875,234.66,0.023466,0.0047864274,10000,output-round6
38,cnn_separable_4_1_repeat8_shape96x96.csv,4,8,32,1,9216,42.231384871875,2026.059,1.225784621796875,0.0414653782031249,48,usb2,max,separable,4.91725,236.028,0.0236028,0.0048390694,10000,output-round6
39,cnn_separable_4_1_repeat9_shape96x96.csv,4,9,36,1,9216,40.06717091111111,2021.6997777777776,1.1716792727777778,0.0744318383333331,50,usb2,max,separable,4.896111111111111,244.80555555555557,0.0244805555555555,0.0049724736,10000,output-round6
40,cnn_separable_64_1_repeat10_shape96x96.csv,64,10,640,1,9216,35.994352247500004,2022.92358,1.0698588061875,0.4822411938124999,59,usb2,max,separable,5.2021,306.9239,0.03069239,0.0059154138,10000,output-round6
41,cnn_separable_64_1_repeat1_shape96x96.csv,64,1,64,1,9216,43.106045846875,2021.981075,1.247651146171875,0.1809738538281258,47,usb2,max,separable,5.078625000000001,238.69537500000004,0.0238695375,0.0047284087,10000,output-round6
42,cnn_separable_64_1_repeat2_shape96x96.csv,64,2,128,1,9216,42.247399921875,2024.23465,1.226184998046875,0.3069400019531252,49,usb2,max,separable,5.183125,253.973125,0.0253973125,0.0048850391,10000,output-round6
43,cnn_separable_64_1_repeat3_shape96x96.csv,64,3,192,1,9216,39.965929771875,2025.525625,1.169148244296875,0.4802267557031245,49,usb2,max,separable,5.299375,259.669375,0.0259669375,0.0048845278999999,10000,output-round6
44,cnn_separable_64_1_repeat4_shape96x96.csv,64,4,256,1,9216,38.63605651666666,2016.8426444444444,1.135901412916667,0.3549874759722216,52,usb2,max,separable,5.140888888888888,267.3262222222222,0.0267326222222222,0.005131812,10000,output-round6
45,cnn_separable_64_1_repeat5_shape96x96.csv,64,5,320,1,9216,36.88662228055556,2008.1280444444444,1.0921655570138888,0.4240566652083335,51,usb2,max,separable,5.166222222222222,263.4773333333333,0.0263477333333333,0.0051437258,10000,output-round6
46,cnn_separable_64_1_repeat6_shape96x96.csv,64,6,384,1,9216,37.97168864166667,2025.1732,1.1192922160416667,0.3083744506250006,53,usb2,max,separable,5.077666666666667,269.1163333333334,0.0269116333333333,0.0053043652,10000,output-round6
47,cnn_separable_64_1_repeat7_shape96x96.csv,64,7,448,1,9216,36.4384119575,2017.5359,1.0809602989375,0.2812397010625003,55,usb2,max,separable,5.0122,275.671,0.0275671,0.0055090055999999,10000,output-round6
48,cnn_separable_64_1_repeat8_shape96x96.csv,64,8,512,1,9216,34.337480045,2010.36166,1.028437001125,0.5274629988749999,56,usb2,max,separable,5.2059,291.5304,0.0291530399999999,0.0055960745,10000,output-round6
49,cnn_separable_64_1_repeat9_shape96x96.csv,64,9,576,1,9216,35.347177745,2025.21072,1.053679443625,0.4167205563750005,57,usb2,max,separable,5.1204,291.8628,0.02918628,0.005743006,10000,output-round6
50,cnn_separable_8_1_repeat10_shape96x96.csv,8,10,80,1,9216,39.83361185555556,2012.6032888888888,1.165840296388889,0.0232708147222227,50,usb2,max,separable,4.839111111111111,241.9555555555556,0.0241955555555555,0.0050151416,10000,output-round6
51,cnn_separable_8_1_repeat1_shape96x96.csv,8,1,8,1,9216,45.40898179375,2025.216925,1.30522454484375,0.1044004551562496,46,usb2,max,separable,5.059625,232.74275,0.0232742749999999,0.004579325,10000,output-round6
52,cnn_separable_8_1_repeat2_shape96x96.csv,8,2,16,1,9216,42.61676420625,2015.9073,1.23541910515625,0.2834558948437498,46,usb2,max,separable,5.168875,237.76825,0.0237768249999999,0.0046035812999999,10000,output-round6
53,cnn_separable_8_1_repeat3_shape96x96.csv,8,3,24,1,9216,43.669263078125,2025.178425,1.261731576953125,0.1146434230468749,47,usb2,max,separable,5.026375,236.239625,0.0236239624999999,0.004704338,10000,output-round6
54,cnn_separable_8_1_repeat4_shape96x96.csv,8,4,32,1,9216,43.267991090625,2025.34325,1.251699777265625,0.1484252227343745,48,usb2,max,separable,5.050125,242.406,0.0242405999999999,0.004724359,10000,output-round6
55,cnn_separable_8_1_repeat5_shape96x96.csv,8,5,40,1,9216,42.454164425,2026.1512,1.231354110625,0.0050208893749998,48,usb2,max,separable,4.886375,234.546,0.0234546,0.0047536431,10000,output-round6
56,cnn_separable_8_1_repeat6_shape96x96.csv,8,6,48,1,9216,41.505923509375,2026.6999,1.207648087734375,0.028726912265625,48,usb2,max,separable,4.886375,234.546,0.0234546,0.0048495985,10000,output-round6
57,cnn_separable_8_1_repeat7_shape96x96.csv,8,7,56,1,9216,41.683644721875,2031.0053,1.212091118046875,0.0409088819531247,49,usb2,max,separable,4.903,240.247,0.0240247,0.0048971358,10000,output-round6
58,cnn_separable_8_1_repeat8_shape96x96.csv,8,8,64,1,9216,41.185939615625,2026.6339,1.199648490390625,0.1814765096093746,49,usb2,max,separable,5.031124999999999,246.525125,0.0246525124999999,0.0049278528,10000,output-round6
59,cnn_separable_8_1_repeat9_shape96x96.csv,8,9,72,1,9216,40.181807806250006,2026.6896,1.1745451951562502,0.2707048048437497,49,usb2,max,separable,5.09525,249.66725,0.024966725,0.0048887057,10000,output-round6
0,cnn_separable_16_1_repeat10_shape96x96.csv,16,10,160,1,9216,35.2073758,2017.1278,1.050184395,-0.3965177283333343,21,usb3,max,separable,5.3036666666666665,111.377,0.0111377,0.0021456238,10000,output-round6
1,cnn_separable_16_1_repeat1_shape96x96.csv,16,1,16,1,9216,41.5672566625,2030.3265,1.2091814165625,-0.3811814165625007,19,usb3,max,separable,5.478,104.082,0.0104082,0.0019225713,10000,output-round6
2,cnn_separable_16_1_repeat2_shape96x96.csv,16,2,32,1,9216,33.95127958333333,1978.0822,1.0187819895833332,0.0402180104166669,20,usb3,max,separable,5.7090000000000005,114.18,0.011418,0.0019511467,10000,output-round6
3,cnn_separable_16_1_repeat3_shape96x96.csv,16,3,48,1,9216,41.7001434875,2028.043,1.2125035871875,-0.4795035871875006,19,usb3,max,separable,5.383,102.277,0.0102277,0.0019654087,10000,output-round6
4,cnn_separable_16_1_repeat4_shape96x96.csv,16,4,64,1,9216,40.22490844166666,2028.9866,1.1756227110416666,-0.6042893777083336,20,usb3,max,separable,5.221333333333333,104.42666666666666,0.0104426666666666,0.0020315795,10000,output-round6
5,cnn_separable_16_1_repeat5_shape96x96.csv,16,5,80,1,9216,32.49727804166667,1990.8866,0.9824319510416668,0.1079013822916659,21,usb3,max,separable,5.740333333333333,120.547,0.0120547,0.0020336451,10000,output-round6
6,cnn_separable_16_1_repeat6_shape96x96.csv,16,6,96,1,9216,39.432205125,2027.9576666666665,1.155805128125,-0.4581384614583346,21,usb3,max,separable,5.347666666666666,112.301,0.0112300999999999,0.0020813289,10000,output-round6
7,cnn_separable_16_1_repeat7_shape96x96.csv,16,7,112,1,9216,34.80566890833334,2002.8772666666664,1.0401417227083334,-0.1331417227083342,21,usb3,max,separable,5.557,116.697,0.0116696999999999,0.0021358626,10000,output-round6
8,cnn_separable_16_1_repeat8_shape96x96.csv,16,8,128,1,9216,38.174063475,2027.9164,1.124351586875,-0.4326849202083345,22,usb3,max,separable,5.341666666666666,117.51666666666664,0.0117516666666666,0.0021272206,10000,output-round6
9,cnn_separable_16_1_repeat9_shape96x96.csv,16,9,144,1,9216,37.02253725833334,2016.0556,1.0955634314583331,-0.4612300981250001,22,usb3,max,separable,5.2843333333333335,116.25533333333334,0.0116255333333333,0.0021432582,10000,output-round6
10,cnn_separable_2_1_repeat10_shape96x96.csv,2,10,20,1,9216,34.52790075833334,1978.0011333333327,1.0331975189583336,-0.0885308522916679,20,usb3,max,separable,5.594666666666666,111.89333333333332,0.0111893333333333,0.0020230386,10000,output-round6
11,cnn_separable_2_1_repeat1_shape96x96.csv,2,1,2,1,9216,43.3359083,2027.9189,1.2533977075,-1.0713977075000003,19,usb3,max,separable,4.832,91.808,0.0091808,0.0018880295,10000,output-round6
12,cnn_separable_2_1_repeat2_shape96x96.csv,2,2,4,1,9216,36.841220875000005,2003.0258666666668,1.091030521875,-0.5323638552083336,20,usb3,max,separable,5.208666666666667,104.17333333333332,0.0104173333333333,0.0019174156,10000,output-round6
13,cnn_separable_2_1_repeat3_shape96x96.csv,2,3,6,1,9216,40.61922820833333,2016.180933333333,1.1854807052083334,-0.5638140385416683,20,usb3,max,separable,5.271666666666666,105.43333333333332,0.0105433333333333,0.0019290565,10000,output-round6
14,cnn_separable_2_1_repeat4_shape96x96.csv,2,4,8,1,9216,34.27634378333333,1965.6019333333331,1.0269085945833334,-0.0505752612499996,20,usb3,max,separable,5.626333333333334,112.52666666666669,0.0112526666666666,0.0019382129,10000,output-round6
15,cnn_separable_2_1_repeat5_shape96x96.csv,2,5,10,1,9216,42.130401,2027.7185,1.223260025,-0.8607600250000011,19,usb3,max,separable,5.012499999999999,95.23749999999998,0.0095237499999999,0.0019251167,10000,output-round6
16,cnn_separable_2_1_repeat6_shape96x96.csv,2,6,12,1,9216,42.3439395,2027.738,1.2285984875,-0.4010984875000005,19,usb3,max,separable,5.4775,104.0725,0.01040725,0.0019643125,10000,output-round6
17,cnn_separable_2_1_repeat7_shape96x96.csv,2,7,14,1,9216,40.379663775,2027.738,1.179491594375,-0.3134915943749998,19,usb3,max,separable,5.516,104.804,0.0104804,0.0019169858,10000,output-round6
18,cnn_separable_2_1_repeat8_shape96x96.csv,2,8,16,1,9216,30.70478365,1965.9196,0.93761959125,-0.3662862579166663,20,usb3,max,separable,5.221333333333334,104.42666666666668,0.0104426666666666,0.0019484632,10000,output-round6
19,cnn_separable_2_1_repeat9_shape96x96.csv,2,9,18,1,9216,41.154585475000005,2028.3218,1.198864636875,-0.3423646368750006,19,usb3,max,separable,5.5065,104.6235,0.0104623499999999,0.0019878382,10000,output-round6
20,cnn_separable_32_1_repeat10_shape96x96.csv,32,10,320,1,9216,32.001577762500006,2008.8765000000003,0.9700394440625002,-0.251789444062501,25,usb3,max,separable,5.36825,134.20624999999998,0.0134206249999999,0.0024702748,10000,output-round6
21,cnn_separable_32_1_repeat1_shape96x96.csv,32,1,32,1,9216,40.698126175000006,2028.7355,1.1874531543750002,-0.131953154375001,19,usb3,max,separable,5.7055,108.4045,0.01084045,0.0019545227,10000,output-round6
22,cnn_separable_32_1_repeat2_shape96x96.csv,32,2,64,1,9216,35.607721233333336,1990.5808666666665,1.0601930308333334,-0.0711930308333332,20,usb3,max,separable,5.639,112.78,0.011278,0.002025083,10000,output-round6
23,cnn_separable_32_1_repeat3_shape96x96.csv,32,3,96,1,9216,38.22009174166666,2024.0762666666667,1.1255022935416663,-0.5038356268749995,21,usb3,max,separable,5.271666666666667,110.705,0.0110705,0.0020602685,10000,output-round6
24,cnn_separable_32_1_repeat4_shape96x96.csv,32,4,128,1,9216,31.315773316666668,1990.159666666667,0.9528943329166668,-0.1732276662499998,21,usb3,max,separable,5.429666666666667,114.023,0.0114023,0.0021079047,10000,output-round6
25,cnn_separable_32_1_repeat5_shape96x96.csv,32,5,160,1,9216,38.259724608333336,2028.185,1.1264931152083335,-0.0041597818750007,21,usb3,max,separable,5.772333333333333,121.219,0.0121219,0.0021525508,10000,output-round6
26,cnn_separable_32_1_repeat6_shape96x96.csv,32,6,192,1,9216,36.47223329166667,2028.1384666666663,1.0818058322916668,0.0088608343749996,23,usb3,max,separable,5.740666666666667,132.03533333333334,0.0132035333333333,0.0022587518,10000,output-round6
27,cnn_separable_32_1_repeat7_shape96x96.csv,32,7,224,1,9216,34.87523465,2029.5712666666664,1.04188086625,0.1181191337499996,23,usb3,max,separable,5.81,133.63,0.013363,0.0022765509,10000,output-round6
28,cnn_separable_32_1_repeat8_shape96x96.csv,32,8,256,1,9216,35.65705916666667,2029.2602,1.0614264791666668,0.1492401875000002,23,usb3,max,separable,5.860666666666667,134.79533333333333,0.0134795333333333,0.0023307054,10000,output-round6
29,cnn_separable_32_1_repeat9_shape96x96.csv,32,9,288,1,9216,34.374673275,2027.789,1.029366831875,0.1679665014583342,24,usb3,max,separable,5.847333333333334,140.336,0.0140336,0.0023905286,10000,output-round6
30,cnn_separable_4_1_repeat10_shape96x96.csv,4,10,40,1,9216,34.7627099,1991.0445333333332,1.0390677475,-0.3667344141666673,20,usb3,max,separable,5.322333333333333,106.44666666666666,0.0106446666666666,0.0019576518,10000,output-round6
31,cnn_separable_4_1_repeat1_shape96x96.csv,4,1,4,1,9216,45.4541757375,2028.514,1.3063543934375,-0.4408543934375011,19,usb3,max,separable,5.515499999999999,104.7945,0.0104794499999999,0.0019028422,10000,output-round6
32,cnn_separable_4_1_repeat2_shape96x96.csv,4,2,8,1,9216,42.3209629875,2027.656,1.2280240746875,-0.4950240746875005,19,usb3,max,separable,5.383,102.277,0.0102277,0.0019021422,10000,output-round6
33,cnn_separable_4_1_repeat3_shape96x96.csv,4,3,12,1,9216,41.1556479625,2028.8143,1.1988911990625,-0.1813911990624994,19,usb3,max,separable,5.6675,107.6825,0.01076825,0.0018958416,10000,output-round6
34,cnn_separable_4_1_repeat4_shape96x96.csv,4,4,16,1,9216,40.75503225,2027.66,1.18887580625,-0.2378758062500008,19,usb3,max,separable,5.601,106.419,0.0106419,0.0018889461,10000,output-round6
35,cnn_separable_4_1_repeat5_shape96x96.csv,4,5,20,1,9216,34.26340911666667,1990.4200666666663,1.0265852279166667,-0.3729185612499996,20,usb3,max,separable,5.303666666666667,106.07333333333337,0.0106073333333333,0.0019797843,10000,output-round6
36,cnn_separable_4_1_repeat6_shape96x96.csv,4,6,24,1,9216,41.424972725,2027.3772,1.205624318125,-0.3966243181250011,19,usb3,max,separable,5.459,103.721,0.0103720999999999,0.0019536106,10000,output-round6
37,cnn_separable_4_1_repeat7_shape96x96.csv,4,7,28,1,9216,41.95405035,2028.6223,1.21885125875,-0.3908512587500006,19,usb3,max,separable,5.478,104.082,0.0104082,0.0019363946,10000,output-round6
38,cnn_separable_4_1_repeat8_shape96x96.csv,4,8,32,1,9216,32.260120875000005,1977.2218,0.9765030218750004,0.0444969781249993,20,usb3,max,separable,5.671,113.42,0.011342,0.0019631314,10000,output-round6
39,cnn_separable_4_1_repeat9_shape96x96.csv,4,9,36,1,9216,36.69512250833333,2002.6726666666664,1.0873780627083334,-0.6233780627083334,20,usb3,max,separable,5.114,102.28,0.010228,0.0019912508,10000,output-round6
40,cnn_separable_64_1_repeat10_shape96x96.csv,64,10,640,1,9216,27.2095551125,2028.06065,0.8502388778125001,0.6225111221874995,29,usb3,max,separable,6.12275,177.55975,0.017755975,0.0029642111,10000,output-round6
41,cnn_separable_64_1_repeat1_shape96x96.csv,64,1,64,1,9216,33.312885558333335,1990.3978,1.0028221389583334,-0.2041554722916672,20,usb3,max,separable,5.448666666666667,108.97333333333334,0.0108973333333333,0.0020239836,10000,output-round6
42,cnn_separable_64_1_repeat2_shape96x96.csv,64,2,128,1,9216,38.66422238333333,2028.5373333333332,1.136605559583333,0.0040611070833325,22,usb3,max,separable,5.790666666666667,127.39466666666668,0.0127394666666666,0.0021780635,10000,output-round6
43,cnn_separable_64_1_repeat3_shape96x96.csv,64,3,192,1,9216,36.37135824166667,2028.491533333333,1.0792839560416667,-0.425950622708334,22,usb3,max,separable,5.303333333333333,116.67333333333332,0.0116673333333333,0.0022371431,10000,output-round6
44,cnn_separable_64_1_repeat4_shape96x96.csv,64,4,256,1,9216,34.156122108333335,2027.8685333333333,1.0239030527083337,0.2747636139583331,24,usb3,max,separable,5.948666666666667,142.768,0.0142768,0.0023668464,10000,output-round6
45,cnn_separable_64_1_repeat5_shape96x96.csv,64,5,320,1,9216,32.981340116666665,2027.6146,0.9945335029166668,0.1714664970833324,24,usb3,max,separable,5.816,139.584,0.0139584,0.0024288463,10000,output-round6
46,cnn_separable_64_1_repeat6_shape96x96.csv,64,6,384,1,9216,29.15726424375,2018.73075,0.8989316060937501,-0.0144316060937503,25,usb3,max,separable,5.5345,138.3625,0.01383625,0.0025610731,10000,output-round6
47,cnn_separable_64_1_repeat7_shape96x96.csv,64,7,448,1,9216,27.1880002,2000.16595,0.849700005,0.6372999950000002,26,usb3,max,separable,6.1370000000000005,159.562,0.0159562,0.0026072876,10000,output-round6
48,cnn_separable_64_1_repeat8_shape96x96.csv,64,8,512,1,9216,28.62208366875,2028.1698,0.88555209171875,0.3691979082812491,28,usb3,max,separable,5.90475,165.333,0.0165333,0.0027432457,10000,output-round6
49,cnn_separable_64_1_repeat9_shape96x96.csv,64,9,576,1,9216,28.792853875,2032.18235,0.889821346875,0.379178653124999,29,usb3,max,separable,5.919,171.65099999999998,0.0171651,0.0028510341,10000,output-round6
50,cnn_separable_8_1_repeat10_shape96x96.csv,8,10,80,1,9216,37.194932275,2016.5045333333333,1.099873306875,-0.5792066402083336,20,usb3,max,separable,5.1706666666666665,103.41333333333333,0.0103413333333333,0.0020397174,10000,output-round6
51,cnn_separable_8_1_repeat1_shape96x96.csv,8,1,8,1,9216,23.87818366875,1990.4802,0.76695459171875,0.0130454082812496,25,usb3,max,separable,5.43,135.75,0.013575,0.0025117261,10000,output-round6
52,cnn_separable_8_1_repeat2_shape96x96.csv,8,2,16,1,9216,42.577711025,2028.518,1.234442775625,-0.3879427756250004,19,usb3,max,separable,5.4965,104.4335,0.01044335,0.0019165904,10000,output-round6
53,cnn_separable_8_1_repeat3_shape96x96.csv,8,3,24,1,9216,38.954742708333335,2003.4057333333333,1.1438685677083331,-0.502868567708334,20,usb3,max,separable,5.291,105.82,0.010582,0.001937067,10000,output-round6
54,cnn_separable_8_1_repeat4_shape96x96.csv,8,4,32,1,9216,39.78759993333333,2015.346733333333,1.1646899983333334,-0.5553566650000006,20,usb3,max,separable,5.259333333333333,105.18666666666668,0.0105186666666666,0.0019425244,10000,output-round6
55,cnn_separable_8_1_repeat5_shape96x96.csv,8,5,40,1,9216,33.13403055,1978.6548666666663,0.99835076375,0.079649236249998,20,usb3,max,separable,5.727999999999999,114.55999999999996,0.0114559999999999,0.0019980208,10000,output-round6
56,cnn_separable_8_1_repeat6_shape96x96.csv,8,6,48,1,9216,36.7450316,2014.8673333333331,1.08862579,-0.4412924566666669,20,usb3,max,separable,5.297333333333333,105.94666666666669,0.0105946666666666,0.0020133473,10000,output-round6
57,cnn_separable_8_1_repeat7_shape96x96.csv,8,7,56,1,9216,29.52956153333333,1965.9365333333333,0.9082390383333334,-0.2609057050000007,20,usb3,max,separable,5.297333333333333,105.94666666666669,0.0105946666666666,0.0020237364,10000,output-round6
58,cnn_separable_8_1_repeat8_shape96x96.csv,8,8,64,1,9216,33.12245827499999,1990.6806,0.998061456875,-0.4203947902083333,20,usb3,max,separable,5.227666666666667,104.55333333333334,0.0104553333333333,0.0020000574,10000,output-round6
59,cnn_separable_8_1_repeat9_shape96x96.csv,8,9,72,1,9216,39.39991535833334,2015.464,1.1549978839583337,-0.4256645506250009,20,usb3,max,separable,5.379333333333332,107.58666666666664,0.0107586666666666,0.0020370645,10000,output-round6
