filename,filters_per_layer,number_of_layers,total_filters,kernel_size,input_size,cpu_utilization_avg,memory_utilization_avg,cpu_power_avg,tpu_power_avg,inference_time,usb_type,tpu_mode,block_type,total_power_avg,total_energy_joules,joules_per_input,inference_time_per_input
cnn_fullconv_10_10_repeat5_shape1280x720.csv,10,5,50,10,921600,43.28722995097403,1914.542514285714,1.2521807487743508,0.2148711992775966,390.0,usb2,std,fullconv,5.217051948051948,2034.65025974026,2.03465025974026,0.39
cnn_fullconv_10_11_repeat5_shape1280x720.csv,10,5,50,11,921600,42.79386431217949,1915.14827948718,1.2398466078044874,0.2236021101442311,395.0,usb2,std,fullconv,5.213448717948719,2059.312243589744,2.059312243589744,0.395
cnn_fullconv_10_12_repeat5_shape1280x720.csv,10,5,50,12,921600,42.25796585288461,1915.4191,1.2264491463221152,0.2075252126522437,395.0,usb2,std,fullconv,5.183974358974359,2047.669871794872,2.047669871794872,0.395
cnn_fullconv_10_13_repeat5_shape1280x720.csv,10,5,50,13,921600,41.65943306044303,1914.7887443037976,1.2114858265110755,0.2306534139952529,400.0,usb2,std,fullconv,5.192139240506329,2076.855696202532,2.0768556962025317,0.4
cnn_fullconv_10_14_repeat5_shape1280x720.csv,10,5,50,14,921600,41.80282945537975,1914.806,1.2150707363844937,0.2001444534889227,400.0,usb2,std,fullconv,5.165215189873416,2066.0860759493667,2.0660860759493667,0.4
cnn_fullconv_10_15_repeat5_shape1280x720.csv,10,5,50,15,921600,40.7407921334375,1918.5734225,1.1885198033359374,0.2487551966640619,405.0,usb2,std,fullconv,5.187275,2100.846375,2.100846375,0.405
cnn_fullconv_10_16_repeat5_shape1280x720.csv,10,5,50,16,921600,40.32958158919754,1914.844572839506,1.1782395397299383,0.2395258923688272,410.0,usb2,std,fullconv,5.167765432098766,2118.783827160494,2.1187838271604944,0.41
cnn_fullconv_10_17_repeat5_shape1280x720.csv,10,5,50,17,921600,39.911609175,1915.8994197530865,1.167790229375,0.2513702644521602,410.0,usb2,std,fullconv,5.16916049382716,2119.355802469136,2.119355802469136,0.41
cnn_fullconv_10_18_repeat5_shape1280x720.csv,10,5,50,18,921600,39.22969798364198,1915.5551185185184,1.1507424495910494,0.2709982911496915,410.0,usb2,std,fullconv,5.1717407407407405,2120.4137037037035,2.1204137037037034,0.41
cnn_fullconv_10_19_repeat5_shape1280x720.csv,10,5,50,19,921600,39.088538088271605,1914.1610172839507,1.14721345220679,0.2742927206327161,410.0,usb2,std,fullconv,5.171506172839506,2120.3175308641976,2.120317530864197,0.41
cnn_fullconv_10_1_repeat5_shape1280x720.csv,10,5,50,1,921600,47.89752693219178,1914.762328767124,1.3674381733047944,0.1223152513527399,370.0,usb2,std,fullconv,5.239753424657534,1938.708767123288,1.938708767123288,0.37
cnn_fullconv_10_20_repeat5_shape1280x720.csv,10,5,50,20,921600,38.7928201370482,1919.168513253012,1.139820503426205,0.2636493760918679,420.0,usb2,std,fullconv,5.153469879518073,2164.4573493975904,2.1644573493975905,0.42
cnn_fullconv_10_2_repeat5_shape1280x720.csv,10,5,50,2,921600,48.425176287333336,1926.2183333333328,1.3806294071833334,0.12178392615,380.0,usb2,std,fullconv,5.252413333333333,1995.9170666666664,1.9959170666666664,0.38
cnn_fullconv_10_3_repeat5_shape1280x720.csv,10,5,50,3,921600,47.07164720666667,1920.5642213333333,1.3467911801666668,0.1325688198333328,380.0,usb2,std,fullconv,5.22936,1987.1568,1.9871568,0.38
cnn_fullconv_10_4_repeat5_shape1280x720.csv,10,5,50,4,921600,46.11650828666667,1921.1767973333328,1.3229127071666669,0.1569539595,380.0,usb2,std,fullconv,5.229866666666667,1987.3493333333336,1.9873493333333336,0.38
cnn_fullconv_10_5_repeat5_shape1280x720.csv,10,5,50,5,921600,45.595912957,1920.3945573333328,1.309897823925,0.1509821760750003,380.0,usb2,std,fullconv,5.21088,1980.1344,1.9801344,0.38
cnn_fullconv_10_6_repeat5_shape1280x720.csv,10,5,50,6,921600,45.1084511,1919.863008,1.2977112775,0.1831687224999996,380.0,usb2,std,fullconv,5.23088,1987.7344,1.9877344,0.38
cnn_fullconv_10_7_repeat5_shape1280x720.csv,10,5,50,7,921600,44.70952207824676,1922.041062337662,1.287738051956169,0.1647554545373371,390.0,usb2,std,fullconv,5.202493506493506,2028.9724675324676,2.0289724675324674,0.39
cnn_fullconv_10_8_repeat5_shape1280x720.csv,10,5,50,8,921600,44.03085402305195,1925.301477922078,1.2707713505762988,0.1489039740990252,390.0,usb2,std,fullconv,5.169675324675324,2016.1733766233765,2.0161733766233763,0.39
cnn_fullconv_10_9_repeat5_shape1280x720.csv,10,5,50,9,921600,44.07058654155844,1918.245,1.271764663538961,0.1923262455519481,390.0,usb2,std,fullconv,5.214090909090909,2033.4954545454543,2.0334954545454544,0.39
cnn_fullconv_10_10_repeat5_shape1280x720.csv,10,5,50,10,921600,45.59799324366667,1926.670298666667,1.3099498310916668,0.4062901689083329,380.0,usb2,max,fullconv,5.46624,2077.1712,2.0771712,0.38
cnn_fullconv_10_11_repeat5_shape1280x720.csv,10,5,50,11,921600,45.74681612736487,1929.243581081081,1.3136704031841215,0.4158836508699322,375.0,usb2,max,fullconv,5.479554054054054,2054.8327702702704,2.0548327702702704,0.375
cnn_fullconv_10_12_repeat5_shape1280x720.csv,10,5,50,12,921600,45.5075273489726,1929.3050520547945,1.307688183724315,0.4274898984674671,370.0,usb2,max,fullconv,5.485178082191782,2029.5158904109592,2.029515890410959,0.37
cnn_fullconv_10_13_repeat5_shape1280x720.csv,10,5,50,13,921600,45.42111321466666,1929.4192933333336,1.3055278303666664,0.4177921696333335,380.0,usb2,max,fullconv,5.47332,2079.8616,2.0798616,0.38
cnn_fullconv_10_14_repeat5_shape1280x720.csv,10,5,50,14,921600,44.82352007808218,1929.4933753424657,1.2905880019520546,0.4393846007876707,370.0,usb2,max,fullconv,5.479972602739726,2027.5898630136985,2.0275898630136986,0.37
cnn_fullconv_10_15_repeat5_shape1280x720.csv,10,5,50,15,921600,44.16404324864865,1930.985118918919,1.2741010812162163,0.4431286485135146,375.0,usb2,max,fullconv,5.4672297297297305,2050.2111486486488,2.050211148648649,0.375
cnn_fullconv_10_16_repeat5_shape1280x720.csv,10,5,50,16,921600,43.96315160777027,1928.070764864865,1.2690787901942568,0.4704887773733102,375.0,usb2,max,fullconv,5.489567567567567,2058.587837837838,2.058587837837838,0.375
cnn_fullconv_10_17_repeat5_shape1280x720.csv,10,5,50,17,921600,44.19351306013514,1926.306732432433,1.2748378265033784,0.4529189302533778,375.0,usb2,max,fullconv,5.477756756756756,2054.158783783784,2.054158783783784,0.375
cnn_fullconv_10_18_repeat5_shape1280x720.csv,10,5,50,18,921600,43.36288438986487,1926.7588675675677,1.2540721097466216,0.4973062686317568,375.0,usb2,max,fullconv,5.501378378378378,2063.016891891892,2.063016891891892,0.375
cnn_fullconv_10_19_repeat5_shape1280x720.csv,10,5,50,19,921600,44.1356003125,1926.989616216216,1.2733900078125,0.4723397219172298,375.0,usb2,max,fullconv,5.49572972972973,2060.8986486486488,2.060898648648649,0.375
cnn_fullconv_10_1_repeat5_shape1280x720.csv,10,5,50,1,921600,49.75806606418919,1925.7384243243243,1.4139516516047297,0.3132915916385137,375.0,usb2,max,fullconv,5.477243243243244,2053.9662162162163,2.0539662162162164,0.375
cnn_fullconv_10_20_repeat5_shape1280x720.csv,10,5,50,20,921600,42.91278862533333,1926.0264480000003,1.2428197156333334,0.5000069510333329,380.0,usb2,max,fullconv,5.492826666666667,2087.2741333333333,2.0872741333333336,0.38
cnn_fullconv_10_2_repeat5_shape1280x720.csv,10,5,50,2,921600,48.43172661452702,1933.306886486486,1.3807931653631755,0.3213014292314202,375.0,usb2,max,fullconv,5.452094594594596,2044.5354729729731,2.044535472972973,0.375
cnn_fullconv_10_3_repeat5_shape1280x720.csv,10,5,50,3,921600,47.79760020625,1930.0240157894737,1.36494000515625,0.3288099948437502,385.0,usb2,max,fullconv,5.4437500000000005,2095.84375,2.09584375,0.385
cnn_fullconv_10_4_repeat5_shape1280x720.csv,10,5,50,4,921600,47.42916303682433,1934.0197783783783,1.3557290759206082,0.3471357889442554,375.0,usb2,max,fullconv,5.452864864864864,2044.824324324324,2.044824324324324,0.375
cnn_fullconv_10_5_repeat5_shape1280x720.csv,10,5,50,5,921600,47.63188603817568,1928.2714972972972,1.360797150954392,0.3561758220185815,375.0,usb2,max,fullconv,5.4669729729729735,2050.114864864865,2.050114864864865,0.375
cnn_fullconv_10_6_repeat5_shape1280x720.csv,10,5,50,6,921600,47.05140927066667,1928.290224,1.3462852317666667,0.3717147682333337,380.0,usb2,max,fullconv,5.468,2077.84,2.07784,0.38
cnn_fullconv_10_7_repeat5_shape1280x720.csv,10,5,50,7,921600,46.64655466317567,1929.8272810810813,1.3361638665793918,0.3867145117989867,375.0,usb2,max,fullconv,5.472878378378378,2052.329391891892,2.052329391891892,0.375
cnn_fullconv_10_8_repeat5_shape1280x720.csv,10,5,50,8,921600,46.754202764666665,1934.1752,1.3388550691166663,0.3621715975499997,380.0,usb2,max,fullconv,5.4510266666666665,2071.3901333333333,2.0713901333333333,0.38
cnn_fullconv_10_9_repeat5_shape1280x720.csv,10,5,50,9,921600,46.68894602328768,1933.391605479452,1.337223650582192,0.3885845685958902,370.0,usb2,max,fullconv,5.475808219178082,2026.0490410958903,2.0260490410958902,0.37
cnn_fullconv_10_10_repeat5_shape1280x720.csv,10,5,50,10,921600,34.88537687661291,1885.8534580645164,1.0421344219153228,0.4925752555040326,160.0,usb3,std,fullconv,6.284709677419356,1005.553548387097,1.005553548387097,0.16
cnn_fullconv_10_11_repeat5_shape1280x720.csv,10,5,50,11,921600,33.958879497580654,1889.27904516129,1.0189719874395164,0.5408989803024191,160.0,usb3,std,fullconv,6.309870967741936,1009.5793548387096,1.0095793548387098,0.16
cnn_fullconv_10_12_repeat5_shape1280x720.csv,10,5,50,12,921600,33.4932988516129,1882.7339032258064,1.0073324712903224,0.5530868835483869,160.0,usb3,std,fullconv,6.310419354838709,1009.6670967741934,1.0096670967741934,0.16
cnn_fullconv_10_13_repeat5_shape1280x720.csv,10,5,50,13,921600,33.20141847578125,1887.21565625,1.0000354618945313,0.5239332881054688,165.0,usb3,std,fullconv,6.27396875,1035.20484375,1.03520484375,0.165
cnn_fullconv_10_14_repeat5_shape1280x720.csv,10,5,50,14,921600,32.11159196439394,1892.4103696969696,0.9727897991098484,0.5608162614962131,170.0,usb3,std,fullconv,6.283606060606061,1068.2130303030303,1.0682130303030304,0.17
cnn_fullconv_10_15_repeat5_shape1280x720.csv,10,5,50,15,921600,30.36425408642857,1890.11572,0.9291063521607144,0.5607222192678574,180.0,usb3,std,fullconv,6.239828571428571,1123.1691428571428,1.1231691428571429,0.18
cnn_fullconv_10_16_repeat5_shape1280x720.csv,10,5,50,16,921600,29.98255602361111,1885.96005,0.9195639005902778,0.5983527660763883,185.0,usb3,std,fullconv,6.267916666666666,1159.5645833333333,1.1595645833333332,0.185
cnn_fullconv_10_17_repeat5_shape1280x720.csv,10,5,50,17,921600,29.414765312500005,1887.780077777778,0.9053691328125002,0.5661308671875007,185.0,usb3,std,fullconv,6.221500000000001,1150.9775000000002,1.1509775000000002,0.185
cnn_fullconv_10_18_repeat5_shape1280x720.csv,10,5,50,18,921600,29.33126252297297,1883.832464864865,0.9032815630743244,0.62023195043919,190.0,usb3,std,fullconv,6.273513513513515,1191.9675675675678,1.1919675675675678,0.19
cnn_fullconv_10_19_repeat5_shape1280x720.csv,10,5,50,19,921600,28.453277815789477,1889.289315789474,0.8813319453947369,0.6319575282894734,195.0,usb3,std,fullconv,6.26328947368421,1221.341447368421,1.221341447368421,0.195
cnn_fullconv_10_1_repeat5_shape1280x720.csv,10,5,50,1,921600,43.27115064791667,1886.7633,1.2517787661979167,0.3256379004687506,125.0,usb3,std,fullconv,6.327416666666667,790.9270833333334,0.7909270833333334,0.125
cnn_fullconv_10_20_repeat5_shape1280x720.csv,10,5,50,20,921600,28.3411464,1887.9923263157896,0.8785286600000001,0.6267871294736826,195.0,usb3,std,fullconv,6.255315789473682,1219.786578947368,1.219786578947368,0.195
cnn_fullconv_10_2_repeat5_shape1280x720.csv,10,5,50,2,921600,42.93792717400001,1887.87988,1.2434481793500003,0.3459118206499996,130.0,usb3,std,fullconv,6.33936,824.1168,0.8241168,0.13
cnn_fullconv_10_3_repeat5_shape1280x720.csv,10,5,50,3,921600,41.76217581826923,1887.4650615384608,1.2140543954567309,0.3059456045432691,135.0,usb3,std,fullconv,6.27,846.4499999999999,0.8464499999999999,0.135
cnn_fullconv_10_4_repeat5_shape1280x720.csv,10,5,50,4,921600,40.48038833611111,1885.442977777778,1.182009708402778,0.368027328634259,140.0,usb3,std,fullconv,6.300037037037037,882.0051851851852,0.8820051851851851,0.14
cnn_fullconv_10_5_repeat5_shape1280x720.csv,10,5,50,5,921600,39.13985697037037,1885.7462222222225,1.1484964242592597,0.4290961683333343,140.0,usb3,std,fullconv,6.327592592592594,885.8629629629631,0.8858629629629632,0.14
cnn_fullconv_10_6_repeat5_shape1280x720.csv,10,5,50,6,921600,37.53021399821428,1884.473692857143,1.108255349955357,0.3965660786160727,145.0,usb3,std,fullconv,6.25482142857143,906.9491071428572,0.9069491071428574,0.145
cnn_fullconv_10_7_repeat5_shape1280x720.csv,10,5,50,7,921600,37.628607175,1887.1109785714289,1.110715179375,0.4464276777678568,145.0,usb3,std,fullconv,6.307142857142857,914.5357142857142,0.9145357142857142,0.145
cnn_fullconv_10_8_repeat5_shape1280x720.csv,10,5,50,8,921600,37.312153455172414,1893.9387172413797,1.1028038363793105,0.4600237498275872,150.0,usb3,std,fullconv,6.312827586206898,946.9241379310348,0.9469241379310348,0.15
cnn_fullconv_10_9_repeat5_shape1280x720.csv,10,5,50,9,921600,36.10765358416666,1889.3686,1.0726913396041666,0.4741419937291669,155.0,usb3,std,fullconv,6.296833333333334,976.0091666666668,0.9760091666666668,0.155
cnn_fullconv_10_10_repeat5_shape1280x720.csv,10,5,50,10,921600,40.12597744615385,1928.520415384615,1.173149436153846,0.4918505638461541,135.0,usb3,max,fullconv,6.415,866.025,0.8660249999999999,0.135
cnn_fullconv_10_11_repeat5_shape1280x720.csv,10,5,50,11,921600,39.45122698846155,1926.9546923076923,1.1562806747115388,0.5553347099038453,135.0,usb3,max,fullconv,6.461615384615384,872.3180769230769,0.8723180769230768,0.135
cnn_fullconv_10_12_repeat5_shape1280x720.csv,10,5,50,12,921600,39.00367772980769,1926.4617846153849,1.1450919432451925,0.5906003644471154,135.0,usb3,max,fullconv,6.485692307692307,875.5684615384615,0.8755684615384616,0.135
cnn_fullconv_10_13_repeat5_shape1280x720.csv,10,5,50,13,921600,38.171282425,1924.9720740740736,1.124282060625,0.5272734949305562,140.0,usb3,max,fullconv,6.401555555555556,896.2177777777779,0.8962177777777779,0.14
cnn_fullconv_10_14_repeat5_shape1280x720.csv,10,5,50,14,921600,37.71502577314815,1926.702,1.1128756443287038,0.5956799112268518,140.0,usb3,max,fullconv,6.458555555555556,904.1977777777778,0.9041977777777778,0.14
cnn_fullconv_10_15_repeat5_shape1280x720.csv,10,5,50,15,921600,36.26097440089286,1928.8513357142856,1.0765243600223215,0.6075113542633916,145.0,usb3,max,fullconv,6.434035714285713,932.9351785714284,0.9329351785714284,0.145
cnn_fullconv_10_16_repeat5_shape1280x720.csv,10,5,50,16,921600,36.2351441125,1930.5736,1.0758786028125,0.6271213971875014,145.0,usb3,max,fullconv,6.453000000000001,935.6850000000002,0.9356850000000002,0.145
cnn_fullconv_10_17_repeat5_shape1280x720.csv,10,5,50,17,921600,35.79551084482759,1933.335262068965,1.0648877711206897,0.6434570564655173,150.0,usb3,max,fullconv,6.458344827586207,968.7517241379312,0.9687517241379312,0.15
cnn_fullconv_10_18_repeat5_shape1280x720.csv,10,5,50,18,921600,34.76113772413793,1925.8370827586205,1.0390284431034482,0.7118336258620683,150.0,usb3,max,fullconv,6.5008620689655165,975.1293103448274,0.9751293103448274,0.15
cnn_fullconv_10_19_repeat5_shape1280x720.csv,10,5,50,19,921600,35.147406156034485,1927.591310344828,1.048685153900862,0.7120045012715526,150.0,usb3,max,fullconv,6.510689655172415,976.6034482758624,0.9766034482758624,0.15
cnn_fullconv_10_1_repeat5_shape1280x720.csv,10,5,50,1,921600,45.46071659891304,1927.8254608695647,1.306517914972826,0.2761342589402193,120.0,usb3,max,fullconv,6.332652173913045,759.9182608695654,0.7599182608695654,0.12
cnn_fullconv_10_20_repeat5_shape1280x720.csv,10,5,50,20,921600,34.22614632758621,1927.3819862068967,1.0256536581896551,0.7474842728448268,150.0,usb3,max,fullconv,6.523137931034482,978.4706896551722,0.9784706896551724,0.15
cnn_fullconv_10_2_repeat5_shape1280x720.csv,10,5,50,2,921600,44.23603565208333,1924.306975,1.2759008913020833,0.3243074420312499,125.0,usb3,max,fullconv,6.350208333333334,793.7760416666667,0.7937760416666667,0.125
cnn_fullconv_10_3_repeat5_shape1280x720.csv,10,5,50,3,921600,44.25713294270833,1930.8416666666665,1.2764283235677083,0.2691550097656243,125.0,usb3,max,fullconv,6.295583333333333,786.9479166666666,0.7869479166666666,0.125
cnn_fullconv_10_4_repeat5_shape1280x720.csv,10,5,50,4,921600,43.54757087812501,1933.0878833333331,1.258689271953125,0.371560728046874,125.0,usb3,max,fullconv,6.380249999999999,797.5312499999999,0.7975312499999999,0.125
cnn_fullconv_10_5_repeat5_shape1280x720.csv,10,5,50,5,921600,43.091087646875,1928.0743083333332,1.247277191171875,0.3953478088281246,125.0,usb3,max,fullconv,6.392625,799.078125,0.799078125,0.125
cnn_fullconv_10_6_repeat5_shape1280x720.csv,10,5,50,6,921600,42.452896929000005,1928.294704,1.2313224232250002,0.4229175767749993,130.0,usb3,max,fullconv,6.40424,832.5512,0.8325512,0.13
cnn_fullconv_10_7_repeat5_shape1280x720.csv,10,5,50,7,921600,41.297813456,1925.077,1.2024453364,0.4024346635999993,130.0,usb3,max,fullconv,6.35488,826.1343999999999,0.8261343999999999,0.13
cnn_fullconv_10_8_repeat5_shape1280x720.csv,10,5,50,8,921600,40.985526743,1932.364864,1.194638168575,0.461081831425,130.0,usb3,max,fullconv,6.40572,832.7435999999999,0.8327435999999999,0.13
cnn_fullconv_10_9_repeat5_shape1280x720.csv,10,5,50,9,921600,40.509676478,1927.030032,1.1827419119499998,0.49649808805,130.0,usb3,max,fullconv,6.42924,835.8012,0.8358012,0.13
cnn_glu_10_10_repeat5_shape1280x720.csv,10,5,50,10,921600,32.314916809009006,1916.823846846847,0.9778729202252252,0.3260730257207207,560.0,usb2,std,glu,5.053945945945946,2830.20972972973,2.83020972972973,0.56
cnn_glu_10_11_repeat5_shape1280x720.csv,10,5,50,11,921600,32.21261975089286,1916.905694642857,0.9753154937723216,0.3338452205133926,565.0,usb2,std,glu,5.0591607142857145,2858.425803571429,2.858425803571429,0.565
cnn_glu_10_12_repeat5_shape1280x720.csv,10,5,50,12,921600,31.418389326754387,1915.507947368421,0.9554597331688598,0.3325402668311401,575.0,usb2,std,glu,5.038,2896.8500000000004,2.89685,0.575
cnn_glu_10_13_repeat5_shape1280x720.csv,10,5,50,13,921600,31.268499413053096,1916.524369911504,0.9517124853263276,0.3393760102488938,570.0,usb2,std,glu,5.041088495575221,2873.420442477876,2.873420442477876,0.57
cnn_glu_10_14_repeat5_shape1280x720.csv,10,5,50,14,921600,31.34062736410257,1916.916905982906,0.9535156841025644,0.3356125210256406,590.0,usb2,std,glu,5.039128205128205,2973.085641025641,2.973085641025641,0.59
cnn_glu_10_15_repeat5_shape1280x720.csv,10,5,50,15,921600,30.93240133653846,1919.3629897435897,0.9433100334134616,0.3454848383814086,590.0,usb2,std,glu,5.03879487179487,2972.888974358973,2.9728889743589733,0.59
cnn_glu_10_16_repeat5_shape1280x720.csv,10,5,50,16,921600,29.778856165,1915.0919816666667,0.914471404125,0.3552869292083338,605.0,usb2,std,glu,5.019758333333334,3036.953791666667,3.036953791666667,0.605
cnn_glu_10_17_repeat5_shape1280x720.csv,10,5,50,17,921600,29.536094919791665,1914.7609633333327,0.9084023729947918,0.3423642936718742,605.0,usb2,std,glu,5.000766666666666,3025.463833333333,3.025463833333333,0.605
cnn_glu_10_18_repeat5_shape1280x720.csv,10,5,50,18,921600,28.3760503199187,1915.3287365853655,0.8794012579979676,0.3722491485060972,620.0,usb2,std,glu,5.001650406504065,3101.0232520325203,3.1010232520325203,0.62
cnn_glu_10_19_repeat5_shape1280x720.csv,10,5,50,19,921600,28.06890017782258,1916.79680967742,0.8717225044455646,0.3757291084576621,625.0,usb2,std,glu,4.997451612903227,3123.407258064517,3.1234072580645167,0.625
cnn_glu_10_1_repeat5_shape1280x720.csv,10,5,50,1,921600,38.11465475255102,1917.395869387755,1.1228663688137754,0.1940009781250005,495.0,usb2,std,glu,5.066867346938776,2508.099336734694,2.508099336734694,0.495
cnn_glu_10_20_repeat5_shape1280x720.csv,10,5,50,20,921600,27.673260461220472,1914.1784062992128,0.8618315115305119,0.398672425477363,640.0,usb2,std,glu,5.010503937007875,3206.72251968504,3.20672251968504,0.64
cnn_glu_10_2_repeat5_shape1280x720.csv,10,5,50,2,921600,35.71637746682693,1917.2847538461535,1.0629094366706733,0.2137059479447112,525.0,usb2,std,glu,5.0266153846153845,2638.973076923077,2.638973076923077,0.525
cnn_glu_10_3_repeat5_shape1280x720.csv,10,5,50,3,921600,36.288678121287134,1917.1678297029707,1.0772169530321785,0.2434761162747518,510.0,usb2,std,glu,5.07069306930693,2586.0534653465343,2.5860534653465344,0.51
cnn_glu_10_4_repeat5_shape1280x720.csv,10,5,50,4,921600,35.656105514705885,1918.5032862745093,1.061402637867647,0.2518228523284307,515.0,usb2,std,glu,5.063225490196078,2607.56112745098,2.60756112745098,0.515
cnn_glu_10_5_repeat5_shape1280x720.csv,10,5,50,5,921600,35.47903810857844,1916.1122843137252,1.0569759527144609,0.2685436551286777,515.0,usb2,std,glu,5.075519607843138,2613.8925980392164,2.6138925980392163,0.515
cnn_glu_10_6_repeat5_shape1280x720.csv,10,5,50,6,921600,34.67683373452381,1918.7229238095235,1.0369208433630952,0.2726696328273803,530.0,usb2,std,glu,5.059590476190476,2681.582952380952,2.681582952380952,0.53
cnn_glu_10_7_repeat5_shape1280x720.csv,10,5,50,7,921600,34.15456941886792,1914.76541509434,1.023864235471698,0.2793716135849058,535.0,usb2,std,glu,5.053235849056604,2703.481179245283,2.703481179245283,0.535
cnn_glu_10_8_repeat5_shape1280x720.csv,10,5,50,8,921600,33.36341298796297,1919.1461981481484,1.0040853246990742,0.281312823449074,545.0,usb2,std,glu,5.035398148148148,2744.2919907407404,2.7442919907407406,0.545
cnn_glu_10_9_repeat5_shape1280x720.csv,10,5,50,9,921600,33.69273641064816,1915.2212796296292,1.012318410266204,0.2971815897337944,545.0,usb2,std,glu,5.059499999999998,2757.427499999999,2.757427499999999,0.545
cnn_glu_10_10_repeat5_shape1280x720.csv,10,5,50,10,921600,38.1322079923913,1925.8322173913048,1.1233051998097825,0.4978361045380444,465.0,usb2,max,glu,5.371141304347827,2497.58070652174,2.4975807065217395,0.465
cnn_glu_10_11_repeat5_shape1280x720.csv,10,5,50,11,921600,37.45005001648352,1928.908876923077,1.1062512504120878,0.5219685298076921,460.0,usb2,max,glu,5.37821978021978,2473.981098901099,2.473981098901099,0.46
cnn_glu_10_12_repeat5_shape1280x720.csv,10,5,50,12,921600,37.34456266552632,1924.2198168421055,1.103614066638158,0.5253964596776317,480.0,usb2,max,glu,5.37901052631579,2581.925052631579,2.581925052631579,0.48
cnn_glu_10_13_repeat5_shape1280x720.csv,10,5,50,13,921600,37.4779852545699,1926.297440860215,1.1069496313642475,0.5464912288508073,470.0,usb2,max,glu,5.403440860215055,2539.617204301076,2.5396172043010754,0.47
cnn_glu_10_14_repeat5_shape1280x720.csv,10,5,50,14,921600,36.59560201155914,1925.0650774193543,1.0848900502889784,0.5744755411088711,470.0,usb2,max,glu,5.40936559139785,2542.4018279569896,2.542401827956989,0.47
cnn_glu_10_15_repeat5_shape1280x720.csv,10,5,50,15,921600,36.247826581842105,1926.603305263158,1.0761956645460526,0.5812043354539469,480.0,usb2,max,glu,5.4074,2595.552,2.595552,0.48
cnn_glu_10_16_repeat5_shape1280x720.csv,10,5,50,16,921600,35.83089991666667,1929.2783583333328,1.0657724979166667,0.5918629187500004,485.0,usb2,max,glu,5.407635416666667,2622.7031770833337,2.622703177083334,0.485
cnn_glu_10_17_repeat5_shape1280x720.csv,10,5,50,17,921600,35.86494088,1925.1540042105264,1.066623522,0.6175764779999984,480.0,usb2,max,glu,5.434199999999999,2608.4159999999997,2.608415999999999,0.48
cnn_glu_10_18_repeat5_shape1280x720.csv,10,5,50,18,921600,35.87378002321429,1924.202385714286,1.0668445005803573,0.6032677443176011,495.0,usb2,max,glu,5.420112244897958,2682.955561224489,2.6829555612244893,0.495
cnn_glu_10_19_repeat5_shape1280x720.csv,10,5,50,19,921600,35.21139731454082,1925.105626530612,1.0502849328635204,0.6101436385650514,495.0,usb2,max,glu,5.410428571428572,2678.162142857143,2.678162142857143,0.495
cnn_glu_10_1_repeat5_shape1280x720.csv,10,5,50,1,921600,42.06799409136905,1930.3554619047611,1.2216998522842262,0.3965501477157742,425.0,usb2,max,glu,5.368250000000001,2281.5062500000004,2.2815062500000005,0.425
cnn_glu_10_20_repeat5_shape1280x720.csv,10,5,50,20,921600,34.183740754545454,1926.7589232323232,1.0245935188636364,0.6306489053787878,500.0,usb2,max,glu,5.405242424242425,2702.6212121212125,2.7026212121212123,0.5
cnn_glu_10_2_repeat5_shape1280x720.csv,10,5,50,2,921600,39.74841117335165,1927.4798131868129,1.1637102793337912,0.3931029074793954,460.0,usb2,max,glu,5.306813186813186,2441.134065934066,2.4411340659340657,0.46
cnn_glu_10_3_repeat5_shape1280x720.csv,10,5,50,3,921600,40.76745341221591,1924.5264363636363,1.1891863353053975,0.4029386646946014,445.0,usb2,max,glu,5.342124999999999,2377.245625,2.377245625,0.445
cnn_glu_10_4_repeat5_shape1280x720.csv,10,5,50,4,921600,40.12898034241574,1930.0066651685397,1.1732245085603934,0.4201013341362358,450.0,usb2,max,glu,5.343325842696629,2404.496629213483,2.404496629213483,0.45
cnn_glu_10_5_repeat5_shape1280x720.csv,10,5,50,5,921600,40.48132906966292,1923.9762337078653,1.182033226741573,0.4095959867415732,450.0,usb2,max,glu,5.341629213483146,2403.733146067416,2.403733146067416,0.45
cnn_glu_10_6_repeat5_shape1280x720.csv,10,5,50,6,921600,39.42236978527777,1926.06728,1.1555592446319445,0.4494963109236112,455.0,usb2,max,glu,5.355055555555556,2436.550277777778,2.4365502777777777,0.455
cnn_glu_10_7_repeat5_shape1280x720.csv,10,5,50,7,921600,39.2414908706044,1927.5868549450547,1.1510372717651098,0.4629847062568686,460.0,usb2,max,glu,5.364021978021978,2467.45010989011,2.4674501098901103,0.46
cnn_glu_10_8_repeat5_shape1280x720.csv,10,5,50,8,921600,38.67596021820652,1929.5132369565213,1.136899005455163,0.4656553423709235,465.0,usb2,max,glu,5.352554347826087,2488.9377717391303,2.4889377717391303,0.465
cnn_glu_10_9_repeat5_shape1280x720.csv,10,5,50,9,921600,38.62839504478022,1926.6320153846157,1.1357098761195057,0.4714219920123623,460.0,usb2,max,glu,5.357131868131868,2464.280659340659,2.464280659340659,0.46
cnn_glu_10_10_repeat5_shape1280x720.csv,10,5,50,10,921600,21.59543246208333,1887.1345633333333,0.7098858115520834,0.4995808551145826,305.0,usb3,std,glu,5.959466666666666,1817.637333333333,1.817637333333333,0.305
cnn_glu_10_11_repeat5_shape1280x720.csv,10,5,50,11,921600,21.93228505887097,1885.4204193548387,0.7183071264717743,0.5044025509475789,315.0,usb3,std,glu,5.9727096774193535,1881.4035483870964,1.8814035483870963,0.315
cnn_glu_10_12_repeat5_shape1280x720.csv,10,5,50,12,921600,21.108133166796875,1887.3045625,0.697703329169922,0.4973904208300777,325.0,usb3,std,glu,5.94509375,1932.15546875,1.93215546875,0.325
cnn_glu_10_13_repeat5_shape1280x720.csv,10,5,50,13,921600,20.44836893807692,1884.9709938461535,0.6812092234519231,0.5521292380865379,330.0,usb3,std,glu,5.9833384615384615,1974.5016923076923,1.9745016923076923,0.33
cnn_glu_10_14_repeat5_shape1280x720.csv,10,5,50,14,921600,20.005296322761197,1888.7185492537317,0.6701324080690299,0.535912368050373,340.0,usb3,std,glu,5.956044776119403,2025.055223880597,2.0250552238805968,0.34
cnn_glu_10_15_repeat5_shape1280x720.csv,10,5,50,15,921600,19.73195159927536,1888.950968115942,0.6632987899818841,0.5643968621920283,350.0,usb3,std,glu,5.977695652173912,2092.193478260869,2.092193478260869,0.35
cnn_glu_10_16_repeat5_shape1280x720.csv,10,5,50,16,921600,19.73439133642857,1887.2838314285716,0.6633597834107142,0.5630259308749981,355.0,usb3,std,glu,5.976385714285712,2121.616928571428,2.121616928571428,0.355
cnn_glu_10_17_repeat5_shape1280x720.csv,10,5,50,17,921600,18.82331561423611,1888.0815055555552,0.6405828903559029,0.5811809985329859,365.0,usb3,std,glu,5.971763888888889,2179.693819444444,2.179693819444444,0.365
cnn_glu_10_18_repeat5_shape1280x720.csv,10,5,50,18,921600,18.406218898666665,1889.9959973333332,0.6301554724666667,0.6069245275333328,380.0,usb3,std,glu,5.98708,2275.0904,2.2750904,0.38
cnn_glu_10_19_repeat5_shape1280x720.csv,10,5,50,19,921600,17.947383224675324,1886.3809402597408,0.6186845806168831,0.6248998349675325,390.0,usb3,std,glu,5.993584415584416,2337.4979220779223,2.3374979220779224,0.39
cnn_glu_10_1_repeat5_shape1280x720.csv,10,5,50,1,921600,27.394925255555552,1887.66828,0.8548731313888889,0.3638824241666683,230.0,usb3,std,glu,5.968755555555557,1372.813777777778,1.372813777777778,0.23
cnn_glu_10_20_repeat5_shape1280x720.csv,10,5,50,20,921600,17.572237516139243,1885.461951898733,0.6093059379034811,0.6313269734889237,400.0,usb3,std,glu,5.990632911392405,2396.253164556962,2.396253164556962,0.4
cnn_glu_10_2_repeat5_shape1280x720.csv,10,5,50,2,921600,25.32458341530613,1884.3570285714288,0.8031145853826532,0.3937629656377543,250.0,usb3,std,glu,5.946877551020408,1486.719387755102,1.486719387755102,0.25
cnn_glu_10_3_repeat5_shape1280x720.csv,10,5,50,3,921600,25.738603471938774,1886.8009306122449,0.8134650867984694,0.415983892793367,250.0,usb3,std,glu,5.979448979591837,1494.862244897959,1.494862244897959,0.25
cnn_glu_10_4_repeat5_shape1280x720.csv,10,5,50,4,921600,24.7436555740196,1885.059725490196,0.7885913893504901,0.4312321400612751,260.0,usb3,std,glu,5.969823529411765,1552.154117647059,1.552154117647059,0.26
cnn_glu_10_5_repeat5_shape1280x720.csv,10,5,50,5,921600,24.301227262019232,1886.1646384615383,0.7775306815504809,0.4629693184495185,265.0,usb3,std,glu,5.990499999999999,1587.4824999999998,1.5874825,0.265
cnn_glu_10_6_repeat5_shape1280x720.csv,10,5,50,6,921600,23.88833561296297,1887.255622222222,0.7672083903240743,0.4866619800462972,275.0,usb3,std,glu,6.003870370370372,1651.0643518518525,1.6510643518518522,0.275
cnn_glu_10_7_repeat5_shape1280x720.csv,10,5,50,7,921600,24.831710241964288,1885.865925,0.7907927560491073,0.4531179582366063,285.0,usb3,std,glu,5.993910714285714,1708.2645535714285,1.7082645535714285,0.285
cnn_glu_10_8_repeat5_shape1280x720.csv,10,5,50,8,921600,23.68422451973684,1894.1993122807016,0.762105612993421,0.5135610536732456,290.0,usb3,std,glu,6.025666666666667,1747.4433333333334,1.7474433333333337,0.29
cnn_glu_10_9_repeat5_shape1280x720.csv,10,5,50,9,921600,22.38277945431034,1887.9688137931032,0.7295694863577586,0.5486029274353452,295.0,usb3,std,glu,6.028172413793103,1778.3108620689654,1.7783108620689654,0.295
cnn_glu_10_10_repeat5_shape1280x720.csv,10,5,50,10,921600,28.26869730060976,1927.212956097561,0.876717432515244,0.7612825674847565,210.0,usb3,max,glu,6.388000000000001,1341.4800000000002,1.3414800000000002,0.21
cnn_glu_10_11_repeat5_shape1280x720.csv,10,5,50,11,921600,27.605114573214284,1927.612523809524,0.8601278643303572,0.786562611860119,215.0,usb3,max,glu,6.396690476190476,1375.2884523809523,1.3752884523809523,0.215
cnn_glu_10_12_repeat5_shape1280x720.csv,10,5,50,12,921600,27.18274616190476,1932.392857142857,0.849568654047619,0.8224789650000011,215.0,usb3,max,glu,6.42204761904762,1380.7402380952385,1.3807402380952385,0.215
cnn_glu_10_13_repeat5_shape1280x720.csv,10,5,50,13,921600,26.75319886395349,1932.705125581395,0.8388299715988373,0.8454258423546523,220.0,usb3,max,glu,6.43425581395349,1415.5362790697675,1.4155362790697676,0.22
cnn_glu_10_14_repeat5_shape1280x720.csv,10,5,50,14,921600,26.00812920625,1929.088581818182,0.8202032301562501,0.9197740425710226,225.0,usb3,max,glu,6.489977272727272,1460.2448863636364,1.4602448863636364,0.225
cnn_glu_10_15_repeat5_shape1280x720.csv,10,5,50,15,921600,25.741591540000005,1931.3956755555555,0.8135397885000002,0.9096602114999984,230.0,usb3,max,glu,6.473199999999999,1488.8359999999996,1.4888359999999996,0.23
cnn_glu_10_16_repeat5_shape1280x720.csv,10,5,50,16,921600,25.134036360326085,1926.2285,0.7983509090081522,0.9170403953396712,235.0,usb3,max,glu,6.465391304347824,1519.3669565217383,1.5193669565217385,0.235
cnn_glu_10_17_repeat5_shape1280x720.csv,10,5,50,17,921600,24.895086086413045,1928.2784565217385,0.7923771521603262,0.9461011087092386,235.0,usb3,max,glu,6.488478260869565,1524.7923913043478,1.5247923913043475,0.235
cnn_glu_10_18_repeat5_shape1280x720.csv,10,5,50,18,921600,24.348615884375004,1930.455754166667,0.7787153971093752,0.9864512695572908,245.0,usb3,max,glu,6.5151666666666666,1596.2158333333332,1.5962158333333332,0.245
cnn_glu_10_19_repeat5_shape1280x720.csv,10,5,50,19,921600,23.96526864234694,1925.7090530612245,0.7691317160586735,0.9560927737372448,250.0,usb3,max,glu,6.475224489795918,1618.8061224489795,1.6188061224489796,0.25
cnn_glu_10_1_repeat5_shape1280x720.csv,10,5,50,1,921600,33.62087186617647,1927.839223529412,1.0105217966544118,0.4924782033455877,175.0,usb3,max,glu,6.252999999999999,1094.275,1.094275,0.175
cnn_glu_10_20_repeat5_shape1280x720.csv,10,5,50,20,921600,23.6484186855,1928.646676,0.7612104671375001,1.0080295328624995,255.0,usb3,max,glu,6.51924,1662.4062,1.6624062,0.255
cnn_glu_10_2_repeat5_shape1280x720.csv,10,5,50,2,921600,32.43419459166667,1927.8294777777776,0.9808548647916668,0.4927562463194457,185.0,usb3,max,glu,6.223611111111112,1151.368055555556,1.151368055555556,0.185
cnn_glu_10_3_repeat5_shape1280x720.csv,10,5,50,3,921600,32.61097548402777,1929.4654444444443,0.9852743871006944,0.5210311684548605,185.0,usb3,max,glu,6.256305555555555,1157.4165277777777,1.1574165277777777,0.185
cnn_glu_10_4_repeat5_shape1280x720.csv,10,5,50,4,921600,31.351680990540537,1928.8394378378373,0.9537920247635135,0.5696944617229738,190.0,usb3,max,glu,6.273486486486488,1191.9624324324327,1.1919624324324327,0.19
cnn_glu_10_5_repeat5_shape1280x720.csv,10,5,50,5,921600,30.692276993243247,1926.9624054054048,0.9373069248310812,0.6229633454391879,190.0,usb3,max,glu,6.310270270270269,1198.9513513513511,1.1989513513513512,0.19
cnn_glu_10_6_repeat5_shape1280x720.csv,10,5,50,6,921600,30.23257289868421,1931.819047368421,0.9258143224671056,0.6043698880592112,195.0,usb3,max,glu,6.280184210526317,1224.6359210526318,1.224635921052632,0.195
cnn_glu_10_7_repeat5_shape1280x720.csv,10,5,50,7,921600,29.77558755448718,1933.162605128205,0.9143896888621796,0.6669949265224364,200.0,usb3,max,glu,6.331384615384616,1266.2769230769231,1.266276923076923,0.2
cnn_glu_10_8_repeat5_shape1280x720.csv,10,5,50,8,921600,28.841256793125,1932.651765,0.8910314198281252,0.6766435801718753,205.0,usb3,max,glu,6.317675,1295.123375,1.2951233750000002,0.205
cnn_glu_10_9_repeat5_shape1280x720.csv,10,5,50,9,921600,28.455118956250004,1929.248625,0.8813779739062502,0.7413470260937505,205.0,usb3,max,glu,6.372725000000001,1306.4086250000005,1.3064086250000002,0.205
cnn_separable_10_10_repeat5_shape1280x720.csv,10,5,50,10,921600,42.278622661562494,1910.94484,1.2269655665390624,0.1457094334609374,405.0,usb2,std,separable,5.122675,2074.683375,2.074683375,0.405
cnn_separable_10_11_repeat5_shape1280x720.csv,10,5,50,11,921600,41.66443127901235,1912.615997530864,1.2116107819753086,0.1467966254320982,410.0,usb2,std,separable,5.108407407407407,2094.447037037037,2.0944470370370367,0.41
cnn_separable_10_12_repeat5_shape1280x720.csv,10,5,50,12,921600,41.165408345731706,1911.997358536585,1.1991352086432927,0.1599501572103658,415.0,usb2,std,separable,5.109085365853659,2120.270426829268,2.120270426829268,0.415
cnn_separable_10_13_repeat5_shape1280x720.csv,10,5,50,13,921600,41.00249051049383,1913.303335802469,1.1950622627623455,0.1713204532870373,410.0,usb2,std,separable,5.116382716049383,2097.716913580247,2.0977169135802467,0.41
cnn_separable_10_14_repeat5_shape1280x720.csv,10,5,50,14,921600,40.527059369817074,1914.2150829268296,1.1831764842454269,0.1710430279496955,415.0,usb2,std,separable,5.104219512195122,2118.251097560976,2.118251097560976,0.415
cnn_separable_10_15_repeat5_shape1280x720.csv,10,5,50,15,921600,40.01145937469512,1916.5650487804885,1.170286484367378,0.1670183936814018,415.0,usb2,std,separable,5.08730487804878,2111.2315243902435,2.1112315243902438,0.415
cnn_separable_10_16_repeat5_shape1280x720.csv,10,5,50,16,921600,40.00885040060976,1912.331436585366,1.170221260015244,0.1659250814481705,415.0,usb2,std,separable,5.086146341463414,2110.750731707317,2.110750731707317,0.415
cnn_separable_10_17_repeat5_shape1280x720.csv,10,5,50,17,921600,39.51900643841464,1913.2082609756096,1.157975160960366,0.1728419122103655,415.0,usb2,std,separable,5.080817073170731,2108.5390853658537,2.108539085365854,0.415
cnn_separable_10_18_repeat5_shape1280x720.csv,10,5,50,18,921600,40.24188476686747,1917.213937349397,1.1760471191716868,0.1816396278162648,420.0,usb2,std,separable,5.107686746987952,2145.22843373494,2.14522843373494,0.42
cnn_separable_10_19_repeat5_shape1280x720.csv,10,5,50,19,921600,38.7109435832317,1912.2656292682923,1.1377735895807926,0.1874825079801834,415.0,usb2,std,separable,5.075256097560976,2106.2312804878047,2.1062312804878047,0.415
cnn_separable_10_1_repeat5_shape1280x720.csv,10,5,50,1,921600,47.34930249466667,1912.411226666667,1.3537325623666667,0.0825607709666664,380.0,usb2,std,separable,5.186293333333333,1970.7914666666668,1.9707914666666668,0.38
cnn_separable_10_20_repeat5_shape1280x720.csv,10,5,50,20,921600,39.1980062,1914.7105662650604,1.149950155,0.1775197245180715,420.0,usb2,std,separable,5.077469879518072,2132.53734939759,2.13253734939759,0.42
cnn_separable_10_2_repeat5_shape1280x720.csv,10,5,50,2,921600,46.14275075779221,1914.027371428572,1.3235687689448052,0.0906779843019478,390.0,usb2,std,separable,5.164246753246753,2014.0562337662336,2.014056233766234,0.39
cnn_separable_10_3_repeat5_shape1280x720.csv,10,5,50,3,921600,45.69801654545454,1912.7062519480517,1.3124504136363635,0.0976015344155847,390.0,usb2,std,separable,5.160051948051948,2012.42025974026,2.01242025974026,0.39
cnn_separable_10_4_repeat5_shape1280x720.csv,10,5,50,4,921600,44.58600765811688,1912.870696103896,1.2846501914529218,0.111336821534091,390.0,usb2,std,separable,5.145987012987013,2006.9349350649352,2.006934935064935,0.39
cnn_separable_10_5_repeat5_shape1280x720.csv,10,5,50,5,921600,44.63064766075949,1914.0427569620256,1.2857661915189873,0.1061072262025319,400.0,usb2,std,separable,5.141873417721519,2056.7493670886074,2.0567493670886074,0.4
cnn_separable_10_6_repeat5_shape1280x720.csv,10,5,50,6,921600,43.97500852307692,1911.1990282051288,1.2693752130769231,0.1202658125641029,395.0,usb2,std,separable,5.139641025641026,2030.1582051282053,2.030158205128205,0.395
cnn_separable_10_7_repeat5_shape1280x720.csv,10,5,50,7,921600,43.547534024367096,1914.409587341772,1.2586883506091773,0.134387598757911,400.0,usb2,std,separable,5.143075949367089,2057.2303797468358,2.0572303797468354,0.4
cnn_separable_10_8_repeat5_shape1280x720.csv,10,5,50,8,921600,42.955066620625,1912.1607775,1.2438766655156248,0.1399733344843747,405.0,usb2,std,separable,5.13385,2079.20925,2.07920925,0.405
cnn_separable_10_9_repeat5_shape1280x720.csv,10,5,50,9,921600,42.77434554968354,1912.643349367088,1.2393586387420883,0.1402489561946209,400.0,usb2,std,separable,5.12960759493671,2051.843037974684,2.051843037974684,0.4
cnn_separable_10_10_repeat5_shape1280x720.csv,10,5,50,10,921600,45.27787339932432,1923.541935135135,1.301946834983108,0.380620732584461,375.0,usb2,max,separable,5.432567567567569,2037.2128378378384,2.037212837837838,0.375
cnn_separable_10_11_repeat5_shape1280x720.csv,10,5,50,11,921600,44.95060210855263,1922.2708315789469,1.2937650527138158,0.361734947286183,385.0,usb2,max,separable,5.405499999999999,2081.1175,2.0811175,0.385
cnn_separable_10_12_repeat5_shape1280x720.csv,10,5,50,12,921600,44.34859734066667,1922.5431813333332,1.2787149335166668,0.3967250664833326,380.0,usb2,max,separable,5.425439999999999,2061.6672,2.0616672,0.38
cnn_separable_10_13_repeat5_shape1280x720.csv,10,5,50,13,921600,43.899384746283786,1922.0139324324327,1.2674846186570947,0.3989072732347969,375.0,usb2,max,separable,5.416391891891892,2031.1469594594596,2.03114695945946,0.375
cnn_separable_10_14_repeat5_shape1280x720.csv,10,5,50,14,921600,43.66925389662162,1926.1626675675675,1.2617313474155405,0.4023497336655399,375.0,usb2,max,separable,5.41408108108108,2030.280405405405,2.030280405405405,0.375
cnn_separable_10_15_repeat5_shape1280x720.csv,10,5,50,15,921600,43.806138549,1925.8257200000005,1.265153463725,0.3996465362750001,380.0,usb2,max,separable,5.4148000000000005,2057.6240000000003,2.057624,0.38
cnn_separable_10_16_repeat5_shape1280x720.csv,10,5,50,16,921600,42.92318866743421,1920.4481026315796,1.2430797166858552,0.4109202833141454,385.0,usb2,max,separable,5.404000000000001,2080.5400000000004,2.0805400000000005,0.385
cnn_separable_10_17_repeat5_shape1280x720.csv,10,5,50,17,921600,43.303029994000006,1924.5289866666672,1.25257574985,0.40538425015,380.0,usb2,max,separable,5.40796,2055.0248,2.0550248,0.38
cnn_separable_10_18_repeat5_shape1280x720.csv,10,5,50,18,921600,43.02519498412162,1924.5459513513515,1.2456298746030403,0.4307755308023644,375.0,usb2,max,separable,5.426405405405405,2034.9020270270269,2.034902027027027,0.375
cnn_separable_10_19_repeat5_shape1280x720.csv,10,5,50,19,921600,42.73296631959459,1921.9099648648648,1.2383241579898647,0.4334596257939189,375.0,usb2,max,separable,5.421783783783783,2033.1689189189187,2.0331689189189186,0.375
cnn_separable_10_1_repeat5_shape1280x720.csv,10,5,50,1,921600,48.53306785173611,1923.060461111111,1.3833266962934028,0.3317705259288201,365.0,usb2,max,separable,5.465097222222223,1994.7604861111115,1.9947604861111112,0.365
cnn_separable_10_20_repeat5_shape1280x720.csv,10,5,50,20,921600,42.2825576027027,1921.310272972973,1.2270639400675676,0.4483144383108115,375.0,usb2,max,separable,5.425378378378379,2034.516891891892,2.034516891891892,0.375
cnn_separable_10_2_repeat5_shape1280x720.csv,10,5,50,2,921600,47.10628564189189,1925.4674783783785,1.347657141047297,0.3328563724662166,375.0,usb2,max,separable,5.430513513513514,2036.442567567568,2.036442567567568,0.375
cnn_separable_10_3_repeat5_shape1280x720.csv,10,5,50,3,921600,47.27009517633334,1926.6437146666665,1.3517523794083337,0.3201409539249997,380.0,usb2,max,separable,5.421893333333333,2060.319466666667,2.060319466666667,0.38
cnn_separable_10_4_repeat5_shape1280x720.csv,10,5,50,4,921600,46.80868033243244,1922.5482702702705,1.340217008310811,0.3279856943918924,375.0,usb2,max,separable,5.418202702702703,2031.8260135135135,2.0318260135135136,0.375
cnn_separable_10_5_repeat5_shape1280x720.csv,10,5,50,5,921600,46.86682549662162,1924.169605405405,1.3416706374155405,0.3493699031249999,375.0,usb2,max,separable,5.44104054054054,2040.3902027027027,2.0403902027027025,0.375
cnn_separable_10_6_repeat5_shape1280x720.csv,10,5,50,6,921600,46.13449811959459,1923.9599351351349,1.3233624529898649,0.3663943037668913,375.0,usb2,max,separable,5.439756756756756,2039.9087837837835,2.039908783783784,0.375
cnn_separable_10_7_repeat5_shape1280x720.csv,10,5,50,7,921600,45.960288635333335,1923.5728186666668,1.3190072158833333,0.3523794507833333,380.0,usb2,max,separable,5.421386666666667,2060.126933333333,2.0601269333333336,0.38
cnn_separable_10_8_repeat5_shape1280x720.csv,10,5,50,8,921600,45.595281455405406,1929.4999810810812,1.3098820363851351,0.356766612263514,375.0,usb2,max,separable,5.416648648648649,2031.2432432432436,2.0312432432432432,0.375
cnn_separable_10_9_repeat5_shape1280x720.csv,10,5,50,9,921600,46.89797859391892,1926.6295189189188,1.342449464847973,0.3367802648817575,375.0,usb2,max,separable,5.42922972972973,2035.9611486486488,2.035961148648649,0.375
cnn_separable_10_10_repeat5_shape1280x720.csv,10,5,50,10,921600,33.22214150859375,1881.03925,1.0005535377148438,0.3925089622851558,165.0,usb3,std,separable,6.1430625,1013.6053125,1.0136053125,0.165
cnn_separable_10_11_repeat5_shape1280x720.csv,10,5,50,11,921600,32.50777474469697,1881.090824242424,0.9826943686174242,0.3910632071401521,170.0,usb3,std,separable,6.123757575757576,1041.0387878787878,1.041038787878788,0.17
cnn_separable_10_12_repeat5_shape1280x720.csv,10,5,50,12,921600,31.89122080357143,1881.9307314285716,0.9672805200892858,0.4036909084821429,180.0,usb3,std,separable,6.120971428571429,1101.7748571428572,1.1017748571428572,0.18
cnn_separable_10_13_repeat5_shape1280x720.csv,10,5,50,13,921600,30.89443134071428,1882.2145428571423,0.9423607835178572,0.4259249307678576,180.0,usb3,std,separable,6.118285714285714,1101.2914285714285,1.1012914285714284,0.18
cnn_separable_10_14_repeat5_shape1280x720.csv,10,5,50,14,921600,29.65921982569445,1881.5407444444447,0.9114804956423612,0.4377417265798611,185.0,usb3,std,separable,6.099222222222222,1128.356111111111,1.128356111111111,0.185
cnn_separable_10_15_repeat5_shape1280x720.csv,10,5,50,15,921600,30.134474127777786,1886.4675166666664,0.9233618531944446,0.4242492579166654,185.0,usb3,std,separable,6.09761111111111,1128.0580555555557,1.1280580555555555,0.185
cnn_separable_10_16_repeat5_shape1280x720.csv,10,5,50,16,921600,30.207774609722225,1881.6223722222223,0.9251943652430558,0.4250556347569434,185.0,usb3,std,separable,6.100249999999999,1128.54625,1.12854625,0.185
cnn_separable_10_17_repeat5_shape1280x720.csv,10,5,50,17,921600,29.15777094121622,1886.2914918918916,0.8989442735304056,0.429623294037162,190.0,usb3,std,separable,6.078567567567568,1154.9278378378378,1.1549278378378378,0.19
cnn_separable_10_18_repeat5_shape1280x720.csv,10,5,50,18,921600,28.88285263108109,1880.0984108108107,0.8920713157770273,0.451901657195946,190.0,usb3,std,separable,6.093972972972973,1157.854864864865,1.157854864864865,0.19
cnn_separable_10_19_repeat5_shape1280x720.csv,10,5,50,19,921600,28.21131827828948,1878.7523789473685,0.875282956957237,0.4402170430427619,195.0,usb3,std,separable,6.065499999999999,1182.7724999999998,1.1827724999999998,0.195
cnn_separable_10_1_repeat5_shape1280x720.csv,10,5,50,1,921600,41.14844603269231,1880.6680538461535,1.1987111508173078,0.2674811568749984,135.0,usb3,std,separable,6.216192307692307,839.1859615384614,0.8391859615384614,0.135
cnn_separable_10_20_repeat5_shape1280x720.csv,10,5,50,20,921600,27.69893746730769,1877.417241025641,0.8624734366826924,0.431859896650641,200.0,usb3,std,separable,6.044333333333333,1208.8666666666666,1.2088666666666663,0.2
cnn_separable_10_2_repeat5_shape1280x720.csv,10,5,50,2,921600,40.00201694351852,1886.1994592592591,1.170050423587963,0.2874310578935191,140.0,usb3,std,separable,6.207481481481482,869.0474074074075,0.8690474074074075,0.14
cnn_separable_10_3_repeat5_shape1280x720.csv,10,5,50,3,921600,39.02309134910714,1883.8904928571428,1.1455772837276783,0.3004941448437499,145.0,usb3,std,separable,6.196071428571429,898.4303571428572,0.8984303571428572,0.145
cnn_separable_10_4_repeat5_shape1280x720.csv,10,5,50,4,921600,38.01415934553573,1884.027514285714,1.1203539836383931,0.3168603020758915,145.0,usb3,std,separable,6.187214285714285,897.1460714285713,0.8971460714285713,0.145
cnn_separable_10_5_repeat5_shape1280x720.csv,10,5,50,5,921600,37.26627620862069,1880.6239241379317,1.1016569052155172,0.3336534396120703,150.0,usb3,std,separable,6.185310344827587,927.796551724138,0.927796551724138,0.15
cnn_separable_10_6_repeat5_shape1280x720.csv,10,5,50,6,921600,36.2737933675,1880.6614066666664,1.0768448341875,0.3238551658125006,155.0,usb3,std,separable,6.1507000000000005,953.3585,0.9533585,0.155
cnn_separable_10_7_repeat5_shape1280x720.csv,10,5,50,7,921600,35.01879043083333,1885.1487600000005,1.0454697607708332,0.3539969058958334,155.0,usb3,std,separable,6.149466666666666,953.1673333333332,0.9531673333333333,0.155
cnn_separable_10_8_repeat5_shape1280x720.csv,10,5,50,8,921600,34.59721632741935,1887.373793548387,1.0349304081854838,0.3664244305241926,160.0,usb3,std,separable,6.151354838709676,984.2167741935482,0.984216774193548,0.16
cnn_separable_10_9_repeat5_shape1280x720.csv,10,5,50,9,921600,33.29308096796875,1876.40346875,1.0023270241992188,0.3402667258007819,165.0,usb3,std,separable,6.092593750000001,1005.27796875,1.0052779687500002,0.165
cnn_separable_10_10_repeat5_shape1280x720.csv,10,5,50,10,921600,40.55606966296296,1928.5449333333336,1.183901741574074,0.4262834436111111,140.0,usb3,max,separable,6.360185185185185,890.4259259259259,0.8904259259259258,0.14
cnn_separable_10_11_repeat5_shape1280x720.csv,10,5,50,11,921600,38.29179808703704,1931.817851851852,1.127294952175926,0.4907050478240746,140.0,usb3,max,separable,6.368,891.5200000000001,0.8915200000000001,0.14
cnn_separable_10_12_repeat5_shape1280x720.csv,10,5,50,12,921600,37.516129841964286,1929.130707142857,1.1079032460491072,0.4202753253794657,145.0,usb3,max,separable,6.278178571428573,910.3358928571432,0.9103358928571432,0.145
cnn_separable_10_13_repeat5_shape1280x720.csv,10,5,50,13,921600,37.5265259537037,1932.7889703703704,1.1081631488425927,0.4963553696759266,140.0,usb3,max,separable,6.354518518518519,889.6325925925927,0.8896325925925926,0.14
cnn_separable_10_14_repeat5_shape1280x720.csv,10,5,50,14,921600,36.74214214017858,1928.9776928571432,1.0885535535044646,0.5656607322098219,145.0,usb3,max,separable,6.404214285714287,928.6110714285716,0.9286110714285716,0.145
cnn_separable_10_15_repeat5_shape1280x720.csv,10,5,50,15,921600,36.226953187068965,1929.8871103448275,1.075673829676724,0.5288089289439668,150.0,usb3,max,separable,6.354482758620691,953.1724137931036,0.9531724137931036,0.15
cnn_separable_10_16_repeat5_shape1280x720.csv,10,5,50,16,921600,36.101431827678574,1928.7712214285716,1.0725357956919643,0.5375356328794654,145.0,usb3,max,separable,6.3600714285714295,922.2103571428572,0.9222103571428572,0.145
cnn_separable_10_17_repeat5_shape1280x720.csv,10,5,50,17,921600,35.29731457672413,1924.129213793104,1.0524328644181034,0.5590154114439656,150.0,usb3,max,separable,6.3614482758620685,954.2172413793104,0.9542172413793104,0.15
cnn_separable_10_18_repeat5_shape1280x720.csv,10,5,50,18,921600,36.093421176724135,1929.927151724138,1.0723355294181034,0.5816299878232769,150.0,usb3,max,separable,6.403965517241381,960.5948275862072,0.9605948275862072,0.15
cnn_separable_10_19_repeat5_shape1280x720.csv,10,5,50,19,921600,36.8309769,1929.178427586207,1.0907744225,0.617501439568966,150.0,usb3,max,separable,6.458275862068966,968.7413793103448,0.9687413793103448,0.15
cnn_separable_10_1_repeat5_shape1280x720.csv,10,5,50,1,921600,44.85632553600001,1926.951216,1.2914081384000002,0.2155518615999989,130.0,usb3,max,separable,6.256959999999999,813.4047999999999,0.8134047999999999,0.13
cnn_separable_10_20_repeat5_shape1280x720.csv,10,5,50,20,921600,35.859553947500004,1924.1392133333327,1.0664888486875002,0.5532111513125004,155.0,usb3,max,separable,6.369700000000001,987.3035,0.9873035,0.155
cnn_separable_10_2_repeat5_shape1280x720.csv,10,5,50,2,921600,44.173813756,1930.431816,1.2743453439,0.3199346561000009,130.0,usb3,max,separable,6.344280000000001,824.7564000000002,0.8247564000000002,0.13
cnn_separable_10_3_repeat5_shape1280x720.csv,10,5,50,3,921600,42.827945242,1926.378552,1.24069863105,0.3141413689499996,130.0,usb3,max,separable,6.30484,819.6292,0.8196292,0.13
cnn_separable_10_4_repeat5_shape1280x720.csv,10,5,50,4,921600,41.33769160769232,1923.8815615384613,1.203442290192308,0.3361346328846135,135.0,usb3,max,separable,6.289576923076922,849.0928846153845,0.8490928846153845,0.135
cnn_separable_10_5_repeat5_shape1280x720.csv,10,5,50,5,921600,41.92047281,1929.466592,1.21801182025,0.3445481797500012,130.0,usb3,max,separable,6.312560000000001,820.6328000000002,0.8206328000000002,0.13
cnn_separable_10_6_repeat5_shape1280x720.csv,10,5,50,6,921600,41.28793324711538,1929.8405846153848,1.2021983311778843,0.4388401303605782,135.0,usb3,max,separable,6.391038461538463,862.7901923076925,0.8627901923076925,0.135
cnn_separable_10_7_repeat5_shape1280x720.csv,10,5,50,7,921600,40.510258105769225,1930.1474384615385,1.182756452644231,0.4048589319711535,135.0,usb3,max,separable,6.337615384615384,855.5780769230769,0.8555780769230769,0.135
cnn_separable_10_8_repeat5_shape1280x720.csv,10,5,50,8,921600,40.14960125769231,1933.253453846154,1.1737400314423077,0.4766445839423072,135.0,usb3,max,separable,6.400384615384615,864.051923076923,0.864051923076923,0.135
cnn_separable_10_9_repeat5_shape1280x720.csv,10,5,50,9,921600,38.99658999537037,1925.0758074074072,1.1449147498842591,0.454122287152777,140.0,usb3,max,separable,6.349037037037037,888.8651851851852,0.8888651851851852,0.14
